client_id,income,credit_score,loan_approved,age,region,employment_years,has_car,has_real_estate,family_members,income_per_family_member,risk_score
632,905.6861539184794,0.3475715242389821,1,36,Новосибирск,3,1,0,3,301.8953846394931,0.6524284757610179
118,267.91305299743226,0.8774608626303804,1,41,Екатеринбург,11,1,1,2,133.95652649871613,0.12253913736961963
784,411.1263941535275,0.6372014768082804,1,28,Казань,11,0,1,2,205.56319707676374,0.36279852319171957
957,567.0259347545538,0.6425651995351915,1,23,Екатеринбург,15,0,0,2,283.5129673772769,0.35743480046480847
670,356.5856518244624,0.8174497084911916,1,35,Ростов-на-Дону,9,1,0,1,356.5856518244624,0.18255029150880842
201,677.828481538859,0.7582631959290226,1,28,Казань,22,0,1,3,225.94282717961968,0.24173680407097742
460,206.9361246412647,0.6588854702326572,0,61,Санкт-Петербург,26,0,1,1,206.9361246412647,0.3411145297673428
490,901.2374055018247,0.44869362262253065,1,20,Москва,2,1,1,1,901.2374055018247,0.5513063773774693
349,437.15135316382407,0.9876495637360578,1,45,Екатеринбург,25,1,1,2,218.57567658191203,0.012350436263942166
535,792.0886736624594,0.4135491015253515,1,21,Новосибирск,29,1,1,1,792.0886736624594,0.5864508984746485
689,792.5436398727433,0.6062529377509774,1,39,Екатеринбург,14,1,0,3,264.1812132909144,0.39374706224902256
618,349.18988333248336,0.6618391898493786,1,44,Казань,0,1,1,3,116.39662777749446,0.3381608101506214
852,774.96442335926,0.8159469389686173,1,36,Новосибирск,1,1,1,1,774.96442335926,0.18405306103138275
365,947.3183278988727,0.733113022415281,1,47,Санкт-Петербург,26,0,1,2,473.65916394943633,0.266886977584719
638,318.2234532712567,0.15241601333041743,0,34,Санкт-Петербург,22,1,0,1,318.2234532712567,0.8475839866695826
851,160.36882964958474,0.28590678923916013,0,32,Санкт-Петербург,28,1,1,4,40.092207412396185,0.7140932107608399
55,638.1099809299766,0.9979341105333375,1,25,Санкт-Петербург,17,1,1,2,319.0549904649883,0.0020658894666625294
968,367.4095440608575,0.3622354416522884,0,54,Москва,17,0,0,1,367.4095440608575,0.6377645583477116
936,345.07659386743205,0.8049889996807698,1,56,Казань,3,1,1,4,86.26914846685801,0.19501100031923024
701,579.3304892964272,0.96582216115322,1,53,Санкт-Петербург,0,1,1,3,193.11016309880907,0.03417783884678005
590,236.71242416106492,0.7175977656581762,0,42,Казань,19,1,0,2,118.35621208053246,0.28240223434182377
410,182.1580091075202,0.8682712805132586,1,22,Екатеринбург,3,0,0,2,91.0790045537601,0.13172871948674136
470,966.9002854965502,0.7823854840582735,1,49,Санкт-Петербург,5,1,0,3,322.3000951655167,0.21761451594172654
303,586.5716094490958,0.05197128365147241,0,52,Санкт-Петербург,8,1,1,2,293.2858047245479,0.9480287163485276
563,222.7343280280928,0.7805255152438618,0,57,Новосибирск,20,1,1,3,74.24477600936426,0.21947448475613818
90,524.9934326457544,0.2316717013834434,0,39,Казань,27,0,1,1,524.9934326457544,0.7683282986165566
712,636.0748665470599,0.06134962711066816,0,59,Ростов-на-Дону,27,1,1,2,318.0374332735299,0.9386503728893318
292,133.61336987429297,0.13271575404306035,0,64,Ростов-на-Дону,12,0,1,4,33.40334246857324,0.8672842459569396
775,817.5658292015983,0.7869033862552951,1,28,Новосибирск,10,1,0,2,408.78291460079913,0.2130966137447049
364,591.0551103843414,0.6315602200925206,1,44,Ростов-на-Дону,21,1,1,1,591.0551103843414,0.36843977990747945
894,457.46517665660934,0.20403563462889884,0,63,Новосибирск,16,1,1,2,228.73258832830467,0.7959643653711012
473,138.8439207555185,0.8785155613013479,0,63,Новосибирск,22,1,1,2,69.42196037775925,0.12148443869865211
827,411.7113949293651,0.041951223431636264,0,27,Новосибирск,14,0,0,3,137.2371316431217,0.9580487765683637
186,693.9856414307611,0.9372284872364511,1,29,Новосибирск,25,0,0,2,346.99282071538056,0.06277151276354886
654,770.895526765897,0.3601364074715191,1,55,Москва,9,1,1,1,770.895526765897,0.6398635925284809
310,343.74902613586676,0.8148251137465122,1,29,Ростов-на-Дону,9,1,0,3,114.58300871195559,0.18517488625348777
755,225.34486539704852,0.9758737549100538,1,50,Санкт-Петербург,5,0,0,3,75.11495513234951,0.024126245089946208
651,178.22825927868132,0.036160380524762115,0,56,Ростов-на-Дону,10,1,0,3,59.40941975956044,0.9638396194752379
149,146.33087612499043,0.8505817290942419,0,34,Москва,11,1,1,1,146.33087612499043,0.1494182709057581
773,214.73979609878415,0.8920846889402344,1,36,Ростов-на-Дону,3,1,1,3,71.57993203292806,0.1079153110597656
378,120.94474216224327,0.5148173539296902,0,38,Санкт-Петербург,22,1,0,1,120.94474216224327,0.4851826460703098
850,635.8465155880394,0.645810812655206,1,39,Екатеринбург,22,0,1,2,317.9232577940197,0.354189187344794
789,515.8052232797195,0.06665204056068996,0,26,Москва,3,1,0,1,515.8052232797195,0.93334795943931
381,206.34834485949062,0.16352387258502277,0,64,Екатеринбург,13,1,1,3,68.7827816198302,0.8364761274149772
804,646.0435417445703,0.2965355812876552,1,32,Москва,8,1,0,3,215.3478472481901,0.7034644187123448
340,188.05074458590133,0.030652502205806065,0,32,Санкт-Петербург,17,0,0,2,94.02537229295066,0.9693474977941939
747,445.5020992358903,0.019192276823056686,0,59,Москва,1,0,0,2,222.75104961794514,0.9808077231769433
242,958.5357193023286,0.7765968527917417,0,39,Казань,11,1,0,2,479.2678596511643,0.22340314720825827
512,476.418732661557,0.7181230762264944,1,39,Москва,5,1,0,3,158.806244220519,0.2818769237735056
584,395.8764492587574,0.4967668588591694,0,21,Ростов-на-Дону,5,1,0,2,197.9382246293787,0.5032331411408306
294,424.1715772701366,0.6894649691372657,1,59,Москва,9,1,1,1,424.1715772701366,0.31053503086273426
761,236.50739175947606,0.4543773345599609,0,32,Ростов-на-Дону,20,1,0,3,78.83579725315869,0.5456226654400391
546,422.3464462295565,0.4835456467199247,1,51,Новосибирск,22,1,1,2,211.17322311477824,0.5164543532800753
501,728.3455426177707,0.519081785136218,1,29,Новосибирск,27,1,0,2,364.17277130888533,0.48091821486378195
663,645.1973374211984,0.9193919732144173,1,27,Казань,1,1,1,2,322.5986687105992,0.08060802678558265
463,771.440391338881,0.10659303030799072,1,35,Москва,12,1,1,2,385.7201956694405,0.8934069696920093
100,197.102284293974,0.3501252591667301,0,29,Казань,2,1,1,2,98.551142146987,0.6498747408332699
842,697.1836348150396,0.432076882944196,1,40,Москва,22,1,1,3,232.3945449383465,0.567923117055804
614,173.5831287539847,0.3243337531153756,0,63,Казань,17,0,0,4,43.39578218849618,0.6756662468846244
23,362.93018368169635,0.9243961953765304,1,24,Ростов-на-Дону,3,1,1,4,90.73254592042409,0.0756038046234696
865,460.6867547877934,0.9846697395245082,1,27,Ростов-на-Дону,28,0,0,1,460.6867547877934,0.015330260475491797
990,837.1920859067798,0.7295082286523967,1,64,Москва,25,1,1,3,279.0640286355933,0.27049177134760327
173,560.8837524693529,0.6318135270166684,1,22,Екатеринбург,12,1,1,2,280.44187623467644,0.3681864729833316
30,141.80537144799794,0.8289154741506773,0,49,Новосибирск,7,1,1,3,47.26845714933265,0.17108452584932266
596,526.5654762365851,0.5783869170064091,1,24,Новосибирск,8,1,1,2,263.28273811829257,0.4216130829935909
530,878.2501386295479,0.5391612766752545,1,26,Новосибирск,19,1,1,3,292.7500462098493,0.4608387233247455
508,840.2835186308521,0.5336025467268785,1,25,Казань,13,0,1,2,420.14175931542604,0.46639745327312154
485,625.8828807307902,0.3245858299002703,1,57,Санкт-Петербург,16,1,1,3,208.62762691026342,0.6754141700997297
669,267.9103216461752,0.11636639788547609,0,39,Екатеринбург,17,1,0,3,89.30344054872506,0.8836336021145239
962,642.8368985197494,0.40990488969628824,1,32,Екатеринбург,16,1,0,2,321.4184492598747,0.5900951103037118
400,779.0885866762142,0.7067772168854458,1,21,Ростов-на-Дону,19,1,0,1,779.0885866762142,0.2932227831145542
556,463.1345795911573,0.21204483990822665,0,54,Санкт-Петербург,4,1,1,2,231.56728979557866,0.7879551600917734
732,833.117248208244,0.6238958362916385,1,23,Казань,16,0,0,3,277.705749402748,0.3761041637083615
210,244.7272462757488,0.9971245001577111,1,56,Екатеринбург,28,1,1,3,81.57574875858293,0.0028754998422888534
531,831.6109082170698,0.31130769915600365,1,59,Новосибирск,16,1,0,3,277.2036360723566,0.6886923008439964
517,438.8170301902446,0.647474714154603,0,20,Москва,22,1,0,3,146.2723433967482,0.352525285845397
722,263.1097595490941,0.1213849394224289,0,29,Казань,18,1,0,2,131.55487977454706,0.8786150605775711
415,668.6534909528193,0.531169528001032,1,50,Новосибирск,22,1,1,1,668.6534909528193,0.468830471998968
276,551.3646652184797,0.10493017841817487,0,61,Москва,3,1,1,2,275.68233260923984,0.8950698215818251
956,444.8246754245477,0.9331133313435577,1,56,Казань,9,1,1,3,148.27489180818256,0.06688666865644233
476,993.6683165073703,0.6675933855635847,1,35,Санкт-Петербург,10,1,1,2,496.83415825368513,0.3324066144364153
728,815.7405806739011,0.9966968538529768,1,55,Ростов-на-Дону,15,1,1,2,407.8702903369506,0.003303146147023206
169,136.6976273992875,0.00638587171683358,0,62,Новосибирск,25,0,0,1,136.6976273992875,0.9936141282831664
588,215.9917497195843,0.4043187681042921,0,39,Казань,4,1,0,2,107.99587485979215,0.5956812318957079
589,215.2412550619952,0.42819961492561476,0,38,Ростов-на-Дону,4,0,1,3,71.74708502066507,0.5718003850743852
908,407.63561652808835,0.3679407513020845,0,34,Екатеринбург,21,1,1,3,135.87853884269612,0.6320592486979155
976,336.03763986984256,0.9406792451153405,0,31,Москва,8,1,0,2,168.01881993492128,0.05932075488465949
521,634.7176438169216,0.06026739028956085,0,40,Санкт-Петербург,29,1,1,2,317.3588219084608,0.9397326097104391
855,284.62567643380646,0.9189265336395545,1,20,Новосибирск,8,1,0,2,142.31283821690323,0.08107346636044555
1,437.0861069626262,0.18513292883861965,0,56,Екатеринбург,10,1,0,3,145.69536898754208,0.8148670711613804
917,365.0191835877259,0.8861957804650745,1,20,Казань,20,1,1,2,182.50959179386294,0.11380421953492548
500,987.5896700316426,0.8633336495718252,1,41,Санкт-Петербург,16,0,1,2,493.7948350158213,0.13666635042817477
658,426.7740667587716,0.30552431065802355,0,63,Казань,22,1,1,1,426.7740667587716,0.6944756893419765
949,886.5010698062637,0.32819275360931155,1,36,Новосибирск,22,1,1,3,295.5003566020879,0.6718072463906885
430,205.3603147848453,0.8679182945200221,1,28,Санкт-Петербург,2,1,0,2,102.68015739242264,0.13208170547997788
374,714.7060960747211,0.4922778564480348,1,26,Ростов-на-Дону,3,1,0,4,178.67652401868028,0.5077221435519652
35,969.0688297671035,0.07695320162920916,1,39,Москва,6,1,0,3,323.02294325570114,0.9230467983707908
268,732.2356755883983,0.4799388347171235,1,28,Санкт-Петербург,8,1,0,4,183.05891889709957,0.5200611652828765
380,353.66929729605994,0.5929508514349274,1,60,Казань,22,0,1,1,353.66929729605994,0.40704914856507257
847,176.81470127077947,0.12150137630091806,0,32,Ростов-на-Дону,2,0,0,1,176.81470127077947,0.8784986236990819
447,987.4009574405839,0.6926259522261645,1,36,Новосибирск,15,0,0,2,493.7004787202919,0.3073740477738355
317,468.0576499728429,0.5264026609361132,1,33,Санкт-Петербург,9,0,0,4,117.01441249321073,0.4735973390638868
377,860.3877798725091,0.4453052550026655,1,38,Казань,11,1,0,2,430.19388993625455,0.5546947449973345
362,678.9593965981179,0.21066218900566658,1,45,Казань,4,1,1,2,339.47969829905895,0.7893378109943334
326,764.1072250261917,0.33689579177110685,1,52,Казань,27,1,0,3,254.7024083420639,0.6631042082288932
565,415.52880292593727,0.8226143185136784,1,33,Ростов-на-Дону,20,0,0,3,138.50960097531242,0.1773856814863216
413,955.5464322438005,0.2697496115169896,1,23,Новосибирск,23,1,1,4,238.88660806095012,0.7302503884830104
384,889.7248121743477,0.25813343270112754,1,30,Новосибирск,5,0,1,2,444.86240608717384,0.7418665672988725
644,394.7476169601232,0.6235856880027597,1,22,Санкт-Петербург,12,0,1,3,131.58253898670773,0.3764143119972403
239,680.9250663164511,0.9681934279147217,1,26,Санкт-Петербург,0,1,1,2,340.46253315822554,0.03180657208527826
610,721.3553457664287,0.5400119146045106,1,37,Екатеринбург,5,0,1,3,240.4517819221429,0.4599880853954894
932,851.4372131193692,0.5614845879595237,1,42,Москва,27,1,1,2,425.7186065596846,0.4385154120404763
335,141.40237781957748,0.9747931621467831,1,53,Новосибирск,25,0,1,4,35.35059445489437,0.025206837853216868
119,903.30309864098,0.26560004258870606,1,55,Казань,22,1,1,1,903.30309864098,0.7343999574112939
464,625.0318885874436,0.657845304603036,1,27,Москва,7,0,1,1,625.0318885874436,0.34215469539696397
774,457.55856150433056,0.9553346865039283,1,51,Ростов-на-Дону,9,0,0,1,457.55856150433056,0.044665313496071724
172,114.92904603507054,0.9811861780274235,1,30,Екатеринбург,12,1,0,3,38.30968201169018,0.018813821972576528
655,488.49359160671145,0.08764274676383854,0,45,Екатеринбург,16,1,0,3,162.83119720223715,0.9123572532361615
154,540.5074842498068,0.6801407717603004,1,45,Новосибирск,7,0,1,1,540.5074842498068,0.3198592282396996
220,864.3010694447602,0.2732595269982093,1,26,Казань,27,0,1,2,432.1505347223801,0.7267404730017907
64,421.07799402423035,0.41776678216733376,0,46,Новосибирск,25,1,1,1,421.07799402423035,0.5822332178326662
822,104.16882070414258,0.12138641815940643,0,53,Екатеринбург,14,1,1,3,34.722940234714194,0.8786135818405936
573,456.88850408914317,0.7368737449441821,1,22,Санкт-Петербург,10,1,1,4,114.22212602228579,0.2631262550558179
740,439.24998648241683,0.41412975252892703,0,50,Ростов-на-Дону,21,1,1,3,146.4166621608056,0.585870247471073
601,252.0415567649481,0.1918673247187429,0,39,Новосибирск,8,1,1,2,126.02077838247405,0.8081326752812571
80,204.28215357261675,0.9499611839502253,1,58,Санкт-Петербург,18,0,0,2,102.14107678630837,0.05003881604977467
499,976.9553268995498,0.3797857801792298,1,26,Казань,28,1,1,3,325.65177563318326,0.6202142198207702
895,701.2766229135816,0.5550849493022862,1,50,Казань,13,1,0,2,350.6383114567908,0.44491505069771375
467,357.14087765367464,0.9771741842213173,1,64,Москва,0,0,1,2,178.57043882683732,0.0228258157786827
821,822.5681037382103,0.2056872621955551,1,64,Казань,6,1,1,3,274.18936791273677,0.7943127378044449
562,291.66774535801966,0.23687055897448206,0,41,Казань,19,1,0,2,145.83387267900983,0.7631294410255179
511,652.0736763422109,0.8129857387160935,1,56,Ростов-на-Дону,14,1,1,2,326.03683817110544,0.18701426128390652
981,400.81950173526474,0.18610141784627732,0,57,Москва,27,1,1,1,400.81950173526474,0.8138985821537227
141,966.2025654479002,0.8246809659251492,1,57,Казань,14,0,1,3,322.0675218159667,0.17531903407485083
105,916.8098265334837,0.9949078226464353,1,60,Москва,29,1,0,2,458.40491326674186,0.005092177353564709
192,907.494182157994,0.5821704601762733,1,36,Ростов-на-Дону,28,1,0,2,453.747091078997,0.4178295398237267
766,612.9007163841849,0.32467592689006,1,36,Ростов-на-Дону,28,1,0,3,204.3002387947283,0.67532407310994
140,974.6038744488646,0.5924077846595176,1,25,Москва,22,1,0,2,487.3019372244323,0.4075922153404824
915,596.8424627667822,0.44861063095454257,1,46,Москва,15,1,1,3,198.9474875889274,0.5513893690454574
571,562.5905402438298,0.5866084631754741,1,62,Новосибирск,25,1,1,2,281.2952701219149,0.4133915368245259
440,173.2139025777098,0.6734324333249173,0,48,Москва,23,1,1,2,86.6069512888549,0.3265675666750827
488,352.8668706330073,0.6954672066898622,1,22,Ростов-на-Дону,4,1,1,2,176.43343531650365,0.30453279331013783
420,777.137076493912,0.9338750175279049,1,62,Казань,22,0,1,4,194.284269123478,0.06612498247209508
569,913.7428250443736,0.623859324676573,1,51,Москва,15,0,1,4,228.4357062610934,0.376140675323427
506,246.35524541040218,0.3988227808969005,0,51,Ростов-на-Дону,17,0,1,1,246.35524541040218,0.6011772191030995
564,113.09019910109373,0.2748060355481361,0,50,Ростов-на-Дону,28,1,0,2,56.545099550546865,0.7251939644518639
441,176.35394267667272,0.9699120461072704,1,26,Казань,6,1,1,2,88.17697133833636,0.030087953892729558
283,438.02465737594963,0.5596486834869141,1,49,Казань,4,0,0,4,109.50616434398741,0.4403513165130859
877,744.3750059626577,0.5903476904587729,1,58,Москва,29,0,1,2,372.18750298132886,0.4096523095412271
574,659.8780302050861,0.8627970775432285,1,35,Ростов-на-Дону,16,0,0,3,219.95934340169538,0.13720292245677146
423,182.08549274382133,0.0415728590503921,0,47,Екатеринбург,23,1,1,3,60.69516424794045,0.9584271409496079
101,128.28626711806083,0.05784267656339637,0,28,Санкт-Петербург,7,1,1,2,64.14313355903042,0.9421573234366036
155,987.0854086995406,0.6186113782151843,1,38,Ростов-на-Дону,18,0,1,4,246.77135217488515,0.3813886217848157
74,833.9152856093507,0.01787393473341381,1,43,Казань,10,0,1,2,416.95764280467534,0.9821260652665862
94,605.1494778125466,0.5126885110165086,1,53,Ростов-на-Дону,29,1,1,3,201.7164926041822,0.4873114889834914
924,819.8697303525837,0.3554930104413574,1,50,Москва,23,1,0,1,819.8697303525837,0.6445069895586426
969,609.7641762672074,0.33451128874193214,1,59,Новосибирск,26,1,0,4,152.44104406680185,0.6654887112580679
606,514.7008912294532,0.5190597909082704,1,51,Казань,21,1,1,2,257.3504456147266,0.48094020909172963
791,238.01626280447218,0.15016900081704165,0,37,Ростов-на-Дону,13,0,0,2,119.00813140223609,0.8498309991829583
211,593.8604104299275,0.42618130223597295,1,34,Санкт-Петербург,23,1,1,2,296.93020521496373,0.573818697764027
947,223.19706706192653,0.44019899795549056,0,58,Екатеринбург,20,1,1,3,74.39902235397551,0.5598010020445094
824,458.351824231849,0.774633780637788,1,41,Екатеринбург,26,1,0,3,152.78394141061634,0.22536621936221202
448,778.0403667330474,0.8381152896481102,1,35,Санкт-Петербург,21,1,1,3,259.34678891101584,0.16188471035188978
85,379.88408954409596,0.9447320222914103,1,46,Екатеринбург,27,1,1,3,126.62802984803199,0.05526797770858971
225,338.6821309135529,0.4197273169261223,1,34,Екатеринбург,15,0,0,2,169.34106545677645,0.5802726830738777
748,589.1975750025897,0.2598132087450342,1,43,Ростов-на-Дону,2,0,1,1,589.1975750025897,0.7401867912549658
862,507.9599512732249,0.6561618376810715,1,64,Санкт-Петербург,6,1,0,2,253.97997563661244,0.3438381623189285
798,608.619865230288,0.07208433599867337,0,32,Москва,28,1,0,1,608.619865230288,0.9279156640013266
244,433.14283022989997,0.8447832281168877,1,54,Новосибирск,22,1,1,2,216.57141511494999,0.15521677188311234
394,798.7716646677972,0.5197739485560177,1,59,Ростов-на-Дону,7,0,0,2,399.3858323338986,0.48022605144398234
835,548.5309954655318,0.8117697880901376,1,31,Новосибирск,1,1,1,3,182.84366515517726,0.18823021190986244
686,601.0866037125368,0.8620144822726226,0,34,Новосибирск,13,1,1,1,601.0866037125368,0.13798551772737744
266,766.691755978784,0.07244688779455888,1,52,Казань,19,1,1,2,383.345877989392,0.9275531122054411
40,496.13724436564115,0.31529033783061033,0,42,Санкт-Петербург,24,0,0,3,165.3790814552137,0.6847096621693897
548,704.4158760335197,0.5502265421562618,1,22,Казань,24,1,0,2,352.20793801675984,0.44977345784373823
489,955.3703356689028,0.38855810127034573,1,49,Санкт-Петербург,15,1,0,2,477.6851678344514,0.6114418987296543
620,773.4337213452925,0.7306505102392461,1,29,Казань,3,0,0,1,773.4337213452925,0.2693494897607539
848,997.1868266613526,0.19747048985993731,1,64,Ростов-на-Дону,14,0,1,4,249.29670666533815,0.8025295101400627
779,748.0328828914669,0.2546706220460512,1,46,Москва,22,1,1,4,187.00822072286672,0.7453293779539488
948,910.0167776632945,0.14745252670628395,1,47,Санкт-Петербург,17,1,1,1,910.0167776632945,0.852547473293716
344,490.4664843141757,0.727169069766308,1,45,Ростов-на-Дону,16,1,1,2,245.23324215708786,0.272830930233692
549,568.276930813414,0.043412532854819164,0,64,Казань,5,1,1,3,189.42564360447133,0.9565874671451808
642,389.87124902486045,0.8420332943764213,1,49,Екатеринбург,23,1,0,4,97.46781225621511,0.15796670562357873
662,987.8637239136817,0.5156794276964978,1,39,Новосибирск,25,1,1,4,246.96593097842043,0.48432057230350223
762,380.54986101599343,0.844357082739616,0,44,Казань,20,1,1,2,190.27493050799671,0.15564291726038404
76,756.1064512368886,0.42777313373586234,1,57,Казань,21,1,1,2,378.0532256184443,0.5722268662641377
826,927.8700547714844,0.5303021332491583,1,57,Санкт-Петербург,0,1,0,2,463.9350273857422,0.4696978667508417
679,972.523389947832,0.17352451498650867,1,54,Новосибирск,16,1,1,2,486.261694973916,0.8264754850134913
131,475.6699028339011,0.7234201136885849,1,38,Ростов-на-Дону,18,1,0,2,237.83495141695056,0.27657988631141506
770,839.1315742048116,0.3944762785700353,1,34,Новосибирск,15,1,1,2,419.5657871024058,0.6055237214299647
205,645.7861536936309,0.48864319040466575,1,62,Екатеринбург,23,0,0,1,645.7861536936309,0.5113568095953342
319,240.79333840397743,0.08162998203058958,0,38,Ростов-на-Дону,23,1,1,2,120.39666920198871,0.9183700179694104
558,125.90440868200508,0.4110284698067047,0,40,Новосибирск,24,1,1,3,41.96813622733503,0.5889715301932953
971,697.3040488263833,0.024191763891355245,1,20,Казань,23,1,1,3,232.43468294212778,0.9758082361086448
600,136.78175463983098,0.8941908746641183,0,61,Екатеринбург,1,0,1,3,45.59391821327699,0.10580912533588172
933,985.9619626331969,0.5606600944161709,1,25,Санкт-Петербург,29,1,1,1,985.9619626331969,0.43933990558382907
518,829.4979977036496,0.8980305489499869,1,56,Санкт-Петербург,7,1,1,3,276.4993325678832,0.1019694510500131
646,901.4745526659054,0.7552704204968079,1,45,Москва,17,1,1,1,901.4745526659054,0.24472957950319207
311,495.0742786350725,0.08011484638467514,0,55,Казань,12,1,1,3,165.02475954502418,0.9198851536153249
190,317.6670618104065,0.7081720886452816,1,27,Ростов-на-Дону,10,1,1,1,317.6670618104065,0.2918279113547184
58,276.38457617723066,0.40193091360924216,0,60,Екатеринбург,22,0,0,4,69.09614404430766,0.5980690863907578
678,458.07003914116746,0.40298017876516146,0,28,Ростов-на-Дону,13,1,0,2,229.03501957058373,0.5970198212348385
359,946.2072172824618,0.2768277972350516,1,48,Ростов-на-Дону,10,0,1,4,236.55180432061545,0.7231722027649484
922,538.6880784245623,0.0032182636042786816,0,58,Санкт-Петербург,7,0,1,1,538.6880784245623,0.9967817363957213
398,486.0946246375165,0.2487142725876299,1,64,Казань,27,1,0,2,243.04731231875826,0.7512857274123701
435,175.69612550349768,0.1396512547563129,0,36,Новосибирск,18,1,0,3,58.56537516783256,0.8603487452436871
537,864.6826516096703,0.18114934953468032,1,30,Ростов-на-Дону,11,1,1,2,432.34132580483515,0.8188506504653197
498,169.96117326848633,0.46349404380057235,0,55,Москва,28,1,1,1,169.96117326848633,0.5365059561994276
671,256.03623576527934,0.3806232934765801,0,62,Екатеринбург,6,1,1,3,85.34541192175978,0.6193767065234199
828,412.2578817066049,0.9684887775943838,1,27,Екатеринбург,3,1,1,3,137.41929390220164,0.03151122240561621
756,814.6226703432663,0.8015371118829896,1,61,Новосибирск,4,1,1,2,407.3113351716332,0.1984628881170104
720,757.7807276832798,0.23918010421592562,0,48,Ростов-на-Дону,29,1,0,3,252.5935758944266,0.7608198957840744
918,953.607976265941,0.5930443341867842,1,62,Ростов-на-Дону,5,1,0,2,476.8039881329705,0.40695566581321585
930,332.09891688988205,0.06485359448296835,0,40,Екатеринбург,1,1,0,1,332.09891688988205,0.9351464055170317
5,240.41677639819287,0.8065611478614497,1,22,Санкт-Петербург,12,1,0,3,80.1389254660643,0.19343885213855028
819,149.2854749398282,0.6246635688542638,1,47,Санкт-Петербург,25,1,1,3,49.76182497994273,0.3753364311457362
370,162.4251707876489,0.23754332492387764,0,35,Казань,29,1,0,3,54.14172359588297,0.7624566750761224
315,852.3821084609853,0.45231828451830014,1,47,Новосибирск,11,1,0,4,213.0955271152463,0.5476817154816999
507,919.8344660444582,0.5801723692273323,1,42,Санкт-Петербург,21,1,0,3,306.61148868148604,0.4198276307726677
534,599.8885350423648,0.27262400073353377,0,37,Екатеринбург,1,1,1,3,199.9628450141216,0.7273759992664662
525,854.495834240024,0.48587175918632564,1,24,Санкт-Петербург,1,0,1,2,427.247917120012,0.5141282408136744
59,140.70456001948426,0.47987562030390885,0,24,Ростов-на-Дону,10,1,1,2,70.35228000974213,0.5201243796960912
802,237.2851386228352,0.737508359459007,0,25,Екатеринбург,5,0,0,3,79.09504620761173,0.26249164054099305
523,972.9229580331429,0.3516226872396344,1,54,Москва,12,1,0,2,486.46147901657145,0.6483773127603656
439,735.6180044408466,0.20185345212294836,1,63,Екатеринбург,21,1,0,1,735.6180044408466,0.7981465478770516
72,278.8441133807552,0.23360775104990994,0,35,Казань,0,0,1,2,139.4220566903776,0.7663922489500901
265,889.6357647351599,0.011620539908100636,1,35,Екатеринбург,23,1,1,1,889.6357647351599,0.9883794600918994
666,237.57322526589883,0.8514249577450957,1,45,Новосибирск,2,0,0,2,118.78661263294941,0.14857504225490425
737,453.20059668037186,0.4497846488213225,1,42,Казань,14,1,0,2,226.60029834018593,0.5502153511786775
913,661.7340170642207,0.9963343376272473,1,27,Санкт-Петербург,24,1,0,1,661.7340170642207,0.003665662372752676
120,585.4080177240857,0.12951492128280417,0,53,Ростов-на-Дону,22,1,1,3,195.13600590802855,0.8704850787171958
427,497.3774512360393,0.004939980934409616,0,44,Новосибирск,29,1,1,3,165.79248374534643,0.9950600190655904
993,344.9306235069664,0.6102251494776413,1,22,Ростов-на-Дону,16,1,1,1,344.9306235069664,0.3897748505223587
281,901.0048076358097,0.6181557343181191,1,35,Екатеринбург,24,1,0,3,300.33493587860323,0.3818442656818809
599,273.06011692780373,0.08565824959643054,0,23,Казань,24,0,0,3,91.02003897593458,0.9143417504035695
339,526.7564461785927,0.07219840897917584,0,48,Санкт-Петербург,24,0,1,3,175.5854820595309,0.9278015910208242
554,604.8441743818477,0.8842064633484078,1,35,Санкт-Петербург,1,0,1,1,604.8441743818477,0.1157935366515922
668,244.6132359336001,0.9305952146439163,1,36,Ростов-на-Дону,23,0,1,2,122.30661796680005,0.06940478535608374
854,908.2488604966424,0.846514338690278,1,52,Ростов-на-Дону,8,0,1,2,454.1244302483212,0.15348566130972197
130,559.6725723198092,0.2597537837603262,1,55,Казань,22,1,1,1,559.6725723198092,0.7402462162396738
176,256.92978610449234,0.5399853797158555,0,35,Екатеринбург,19,1,1,2,128.46489305224617,0.4600146202841445
41,209.83441136030095,0.5394912923753372,0,38,Ростов-на-Дону,19,0,0,3,69.94480378676698,0.4605087076246628
891,750.0402386700932,0.0991780995872159,1,34,Ростов-на-Дону,29,0,0,2,375.0201193350466,0.9008219004127841
878,693.0315477191363,0.50836054691628,1,32,Санкт-Петербург,27,0,1,2,346.5157738595681,0.49163945308372003
183,932.2242564507065,0.6326218931339481,0,55,Санкт-Петербург,8,0,1,2,466.1121282253533,0.3673781068660519
937,116.55160889272005,0.26982072012821434,0,64,Казань,16,1,0,3,38.85053629757335,0.7301792798717857
858,524.8602505989993,0.46053949727414,0,36,Казань,2,1,1,3,174.9534168663331,0.53946050272586
868,263.73531744574404,0.16481481572943713,0,58,Ростов-на-Дону,5,1,1,1,263.73531744574404,0.8351851842705629
545,656.3154164121063,0.9629268752375798,1,46,Казань,28,0,1,1,656.3154164121063,0.037073124762420195
298,294.2389247471589,0.10456784033440025,1,25,Москва,8,1,0,2,147.11946237357944,0.8954321596655997
820,401.6775174813108,0.3819396396528959,0,22,Москва,12,1,1,2,200.8387587406554,0.6180603603471041
708,828.8870012691714,0.2160381825095996,1,56,Екатеринбург,18,1,0,1,828.8870012691714,0.7839618174904004
246,935.4867063289529,0.6262203216314154,1,24,Екатеринбург,1,0,0,3,311.828902109651,0.3737796783685846
21,650.6676052501415,0.6974202672468399,1,47,Москва,27,1,0,3,216.88920175004716,0.3025797327531601
959,249.65503188047145,0.6361773647082327,0,45,Санкт-Петербург,4,0,1,3,83.21834396015716,0.3638226352917673
758,580.1149827786894,0.48785404392636245,1,53,Москва,18,1,1,4,145.02874569467235,0.5121459560736376
255,252.54347201748323,0.6855652872289714,0,43,Москва,15,1,1,2,126.27173600874161,0.31443471277102863
869,875.6070589121656,0.1317287734545619,1,56,Екатеринбург,6,0,1,1,875.6070589121656,0.8682712265454381
630,327.19324990961866,0.45037093625818514,0,41,Москва,8,1,1,4,81.79831247740466,0.5496290637418149
459,150.6729481136536,0.21567515239771717,0,31,Новосибирск,2,1,0,1,150.6729481136536,0.7843248476022828
515,140.69680309557046,0.1957779856835461,0,47,Екатеринбург,17,0,1,2,70.34840154778523,0.8042220143164539
442,987.9756206510579,0.09390071578941839,1,47,Казань,29,1,1,2,493.9878103255289,0.9060992842105816
942,598.7602022642141,0.3342383186960608,1,43,Екатеринбург,29,1,1,3,199.58673408807135,0.6657616813039392
20,362.1062261782377,0.03394597858579884,0,24,Ростов-на-Дону,19,1,0,2,181.05311308911885,0.9660540214142012
401,192.81148195233936,0.16704190790094986,0,32,Ростов-на-Дону,18,1,0,2,96.40574097616968,0.8329580920990501
125,305.1416462877475,0.6552419806390217,0,20,Казань,20,1,0,2,152.57082314387375,0.3447580193609783
376,387.0780672643852,0.8707499012725114,1,48,Екатеринбург,24,1,1,2,193.5390336321926,0.1292500987274886
788,460.7662750872759,0.6139335847600618,1,38,Ростов-на-Дону,12,0,1,4,115.19156877181898,0.38606641523993823
269,423.54203609777966,0.6000205481193037,1,25,Екатеринбург,14,1,1,1,423.54203609777966,0.3999794518806963
979,546.7296224811128,0.8727302504846018,1,35,Казань,26,0,0,2,273.3648112405564,0.12726974951539816
251,365.00400286262715,0.7965372909761763,1,61,Москва,20,1,0,2,182.50200143131357,0.20346270902382368
863,571.951242394822,0.17742876946970687,0,42,Санкт-Петербург,8,0,1,2,285.975621197411,0.8225712305302931
879,124.38639325313514,0.2975484513188206,0,51,Казань,16,0,0,2,62.19319662656757,0.7024515486811794
275,560.2081589748441,0.48050694725782894,1,24,Санкт-Петербург,25,0,0,1,560.2081589748441,0.5194930527421711
911,631.265448263327,0.3056042154902149,1,64,Новосибирск,10,1,1,2,315.6327241316635,0.6943957845097851
267,727.3141668957412,0.3924935564066848,1,40,Екатеринбург,28,1,1,1,727.3141668957412,0.6075064435933152
739,495.22141771319656,0.3677593508772896,1,21,Казань,23,0,1,2,247.61070885659828,0.6322406491227104
634,578.9021367387841,0.7954499607897292,1,33,Ростов-на-Дону,5,1,1,2,289.45106836939203,0.20455003921027082
818,459.10243348311724,0.7692231478381336,0,22,Ростов-на-Дону,22,1,0,2,229.55121674155862,0.23077685216186639
587,168.27699529779753,0.6951445540475938,0,44,Москва,24,1,0,3,56.09233176593251,0.3048554459524062
719,211.86750113699026,0.9836789252634136,1,27,Новосибирск,19,0,1,3,70.62250037899675,0.016321074736586394
935,254.51135726347314,0.6764679372263622,0,57,Ростов-на-Дону,8,0,0,1,254.51135726347314,0.3235320627736378
727,225.79513896366055,0.5094221281497897,0,51,Ростов-на-Дону,29,1,1,2,112.89756948183027,0.4905778718502103
219,684.6696091424932,0.6545112142811352,1,41,Санкт-Петербург,16,1,0,3,228.22320304749772,0.34548878571886477
703,402.9438503745285,0.3118161330852596,0,57,Екатеринбург,16,0,1,1,402.9438503745285,0.6881838669147404
992,725.2268237689841,0.15890816766935356,1,53,Санкт-Петербург,27,1,1,3,241.74227458966138,0.8410918323306464
736,889.4804867317974,0.8866042152404667,1,43,Москва,24,1,0,3,296.49349557726583,0.11339578475953327
43,130.94966900369656,0.3187525029320699,0,39,Ростов-на-Дону,17,0,1,1,130.94966900369656,0.6812474970679301
343,255.88168291901366,0.8682725054083805,1,43,Екатеринбург,22,1,0,3,85.29389430633789,0.13172749459161948
793,555.2998109960195,0.5122219208126745,1,58,Санкт-Петербург,6,1,1,2,277.64990549800973,0.4877780791873255
175,680.6555113685049,0.6340057030996114,1,30,Новосибирск,22,1,0,4,170.16387784212623,0.36599429690038865
302,578.2191684113332,0.9362122462436898,1,41,Новосибирск,13,0,1,3,192.7397228037777,0.06378775375631018
278,684.9675376999886,0.9866625932671464,1,36,Москва,15,1,1,1,684.9675376999886,0.013337406732853552
432,785.359568545725,0.5155960285792502,1,64,Санкт-Петербург,5,1,1,1,785.359568545725,0.48440397142074976
559,779.6235301062571,0.8398613028667203,1,30,Ростов-на-Дону,23,1,0,1,779.6235301062571,0.16013869713327966
944,846.7676233364815,0.7076809347409158,1,21,Казань,25,0,1,1,846.7676233364815,0.29231906525908424
843,260.2323701827763,0.4394049896944522,0,39,Ростов-на-Дону,15,0,0,2,130.11618509138816,0.5605950103055478
461,205.7736220993944,0.3938644056541585,0,32,Санкт-Петербург,2,1,0,3,68.5912073664648,0.6061355943458415
579,542.9046637715844,0.6070940360887808,1,44,Казань,3,1,0,3,180.9682212571948,0.39290596391121924
393,434.81627721350486,0.16975790508754074,0,31,Новосибирск,21,1,0,2,217.40813860675243,0.8302420949124593
625,656.4292943772664,0.17530294235765964,1,23,Казань,10,1,0,3,218.80976479242213,0.8246970576423404
451,799.4322243346932,0.4971747640084273,1,22,Новосибирск,8,1,1,4,199.8580560836733,0.5028252359915727
443,436.8437161805083,0.6726021182251263,1,28,Екатеринбург,26,0,1,1,436.8437161805083,0.3273978817748737
261,653.5065040292527,0.26899340443509767,1,55,Ростов-на-Дону,24,0,1,3,217.83550134308425,0.7310065955649023
882,704.7034692388555,0.8733229158608077,1,37,Ростов-на-Дону,18,1,1,4,176.17586730971388,0.12667708413919232
106,324.36300623398745,0.1738952492194873,0,55,Ростов-на-Дону,22,0,1,3,108.12100207799581,0.8261047507805127
612,819.4693590181383,0.6508773690471942,0,30,Ростов-на-Дону,13,0,0,3,273.1564530060461,0.3491226309528058
906,903.4045399692774,0.2024805601652374,1,28,Москва,22,0,0,1,903.4045399692774,0.7975194398347626
66,588.4264748424237,0.7375823015888915,1,26,Екатеринбург,13,1,1,3,196.14215828080788,0.2624176984111085
78,166.64018656068134,0.6796472826930698,0,45,Москва,23,0,1,2,83.32009328034067,0.32035271730693016
330,322.9578905510417,0.498195716453139,0,29,Москва,6,0,1,1,322.9578905510417,0.501804283546861
171,709.8079256580542,0.6169269183757422,1,59,Москва,15,0,0,2,354.9039628290271,0.3830730816242578
212,722.7056779234239,0.4513870243296755,1,47,Казань,12,1,1,2,361.35283896171194,0.5486129756703245
399,775.7839610123476,0.61714498660403,1,37,Екатеринбург,15,1,1,2,387.8919805061738,0.38285501339596995
899,111.70173115966243,0.3553845686857394,0,28,Екатеринбург,1,1,0,2,55.850865579831215,0.6446154313142606
700,533.0260916693358,0.549529535895017,1,63,Екатеринбург,7,1,1,2,266.5130458346679,0.45047046410498304
994,631.2076001821783,0.13535408227768553,1,43,Ростов-на-Дону,17,0,0,3,210.40253339405945,0.8646459177223145
82,660.9683141448021,0.08941100231225951,1,48,Новосибирск,11,1,1,2,330.48415707240105,0.9105889976877405
591,224.9444553844691,0.6924361513243696,0,43,Ростов-на-Дону,15,0,1,2,112.47222769223455,0.30756384867563036
454,915.7189465852624,0.5706097466388297,1,55,Казань,28,0,0,3,305.2396488617541,0.4293902533611703
396,937.6815930432083,0.8288833658826095,1,34,Екатеринбург,7,0,1,4,234.42039826080207,0.17111663411739053
951,640.465174390288,0.08860042967961723,0,38,Екатеринбург,23,1,0,2,320.232587195144,0.9113995703203828
48,568.0612190600298,0.02440078155653802,0,60,Казань,22,1,0,3,189.3537396866766,0.975599218443462
875,122.84772009431038,0.7328015447662506,0,36,Москва,3,1,0,1,122.84772009431038,0.2671984552337494
619,825.5811518137552,0.5577834173700249,1,60,Москва,23,1,1,2,412.7905759068776,0.4422165826299751
547,202.2018329796661,0.8059925497751581,0,29,Новосибирск,28,1,0,2,101.10091648983305,0.1940074502248419
426,594.575994091362,0.9651186964360455,1,34,Санкт-Петербург,18,1,0,2,297.287997045681,0.03488130356395447
674,572.0602506132292,0.8059254001176211,1,64,Казань,21,0,1,2,286.0301253066146,0.19407459988237885
243,923.3779511984037,0.770921844644052,1,38,Санкт-Петербург,7,1,0,2,461.68897559920185,0.229078155355948
232,552.3733837946729,0.22995460589108618,1,57,Казань,15,0,0,2,276.18669189733646,0.7700453941089138
245,113.91095487598068,0.7610239909429989,0,23,Ростов-на-Дону,17,1,0,2,56.95547743799034,0.23897600905700112
631,742.0146272960972,0.7561633288952461,1,41,Новосибирск,22,1,1,1,742.0146272960972,0.24383667110475393
495,517.328564445984,0.6034485933813779,1,40,Новосибирск,19,0,1,2,258.664282222992,0.3965514066186221
431,228.69251384755228,0.4547398556338591,0,56,Казань,10,1,0,2,114.34625692377614,0.5452601443661409
665,191.60422535836335,0.9921580148233127,1,59,Москва,3,1,1,1,191.60422535836335,0.007841985176687327
272,829.1020552112627,0.8601223971892046,1,58,Новосибирск,8,1,1,2,414.55102760563136,0.13987760281079542
907,835.6992055645968,0.9580734801193802,1,51,Новосибирск,27,0,0,2,417.8496027822984,0.041926519880619795
102,672.7693701374023,0.9691026301408113,1,52,Новосибирск,15,1,0,2,336.3846850687012,0.030897369859188673
354,246.64098437328673,0.7252576604151365,0,36,Казань,5,0,0,3,82.21366145776224,0.2747423395848635
986,545.9421845855786,0.08060151375712465,0,31,Москва,19,0,0,1,545.9421845855786,0.9193984862428753
810,201.91424125667973,0.09839564971339732,0,27,Новосибирск,25,1,1,1,201.91424125667973,0.9016043502866027
648,711.1920872300407,0.8260676302525284,1,32,Санкт-Петербург,12,1,1,2,355.59604361502033,0.17393236974747162
524,857.9070308221378,0.10142082844921652,1,34,Новосибирск,8,1,0,2,428.9535154110689,0.8985791715507835
555,888.9882423925105,0.22807977194893247,1,32,Ростов-на-Дону,16,1,0,2,444.49412119625526,0.7719202280510675
684,701.7788979319879,0.822480563634361,1,50,Екатеринбург,20,0,0,3,233.92629931066264,0.17751943636563905
9,641.0035105688879,0.24966800885918594,1,35,Новосибирск,17,1,0,3,213.66783685629596,0.7503319911408141
466,437.38352157133363,0.04821203886055603,0,59,Новосибирск,26,1,0,2,218.69176078566682,0.951787961139444
69,167.09557931179376,0.35462215764077654,0,53,Санкт-Петербург,11,0,1,2,83.54778965589688,0.6453778423592235
81,876.7930832880342,0.786345014415552,0,46,Москва,17,1,1,1,876.7930832880342,0.21365498558444795
15,263.64247048639055,0.7055751725156885,0,46,Санкт-Петербург,23,0,0,2,131.82123524319528,0.29442482748431154
226,319.59067904117524,0.6385259476640855,1,20,Ростов-на-Дону,1,1,0,3,106.53022634705842,0.36147405233591445
68,821.9772826786357,0.11047411313139466,1,29,Казань,12,1,0,2,410.98864133931784,0.8895258868686053
3,758.7945476302646,0.8729458358764083,1,26,Казань,17,1,0,2,379.3972738151323,0.12705416412359172
223,184.30729104528322,0.4323348010426019,0,23,Новосибирск,1,0,1,2,92.15364552264161,0.5676651989573981
839,622.5295152502391,0.9280836403260497,1,44,Екатеринбург,15,1,0,1,622.5295152502391,0.07191635967395027
904,624.737404872723,0.03531135494023907,0,53,Казань,14,1,1,2,312.3687024363615,0.9646886450597609
733,698.6774986265801,0.5270414639116516,1,50,Казань,5,1,0,2,349.33874931329007,0.47295853608834837
230,668.0247633975366,0.409334006315043,1,20,Ростов-на-Дону,18,0,1,3,222.6749211325122,0.590665993684957
366,447.49237402069684,0.1315676851272598,1,28,Казань,27,1,1,2,223.74618701034842,0.8684323148727402
458,521.7945777947136,0.6765133857772465,1,61,Казань,3,1,1,2,260.8972888973568,0.3234866142227535
217,392.859728343341,0.0823810456158427,0,32,Ростов-на-Дону,24,1,0,3,130.95324278111366,0.9176189543841573
873,679.5995889151142,0.505852692951829,1,21,Казань,1,1,0,1,679.5995889151142,0.494147307048171
594,411.1005549914769,0.10410964938416634,0,47,Москва,4,1,1,1,411.1005549914769,0.8958903506158337
14,291.10519961044855,0.0394268113685059,0,24,Санкт-Петербург,18,1,0,3,97.03506653681619,0.9605731886314941
716,936.5762298230433,0.9948663171697671,1,42,Москва,28,0,0,1,936.5762298230433,0.005133682830232855
893,847.1978781102924,0.8000709686991595,1,29,Санкт-Петербург,27,1,1,1,847.1978781102924,0.1999290313008405
832,507.19556451942407,0.6018815896363221,1,54,Москва,24,0,1,1,507.19556451942407,0.3981184103636779
921,881.6211783081216,0.6956181464968069,1,30,Ростов-на-Дону,23,0,0,2,440.8105891540608,0.30438185350319313
83,397.80822236738425,0.41758077578492836,0,57,Екатеринбург,22,1,0,3,132.6027407891281,0.5824192242150716
615,886.2207616960995,0.33300191305819793,1,24,Екатеринбург,6,1,1,2,443.1103808480498,0.6669980869418021
831,302.1443406459838,0.9799703293588506,1,51,Ростов-на-Дону,26,0,0,2,151.0721703229919,0.020029670641149355
221,691.851603070309,0.9508635622504104,1,62,Казань,29,1,1,2,345.9258015351545,0.049136437749589645
331,420.37541078613543,0.5553635509376312,1,59,Новосибирск,20,1,0,2,210.18770539306772,0.44463644906236877
749,915.8248998680923,0.760289823122135,1,54,Санкт-Петербург,17,1,0,3,305.27496662269743,0.239710176877865
683,253.79882865105924,0.640972077345332,1,36,Ростов-на-Дону,28,0,1,2,126.89941432552962,0.359027922654668
34,953.9969835279999,0.12056688577727881,1,32,Казань,15,1,1,1,953.9969835279999,0.8794331142227212
504,832.4155177362538,0.34124782762615635,1,34,Казань,22,1,0,3,277.4718392454179,0.6587521723738436
465,965.9552936270877,0.9994137257706666,1,59,Екатеринбург,6,1,1,3,321.9850978756959,0.0005862742293334389
974,293.44634073168106,0.5180787662388154,0,59,Ростов-на-Дону,10,1,1,3,97.81544691056035,0.48192123376118456
166,851.7722460303141,0.8179670241190622,1,51,Новосибирск,12,1,0,4,212.94306150757853,0.1820329758809378
681,835.3648638543519,0.34609972653778553,1,56,Казань,17,0,0,3,278.4549546181173,0.6539002734622145
977,635.5701376302294,0.25929675886577375,1,27,Ростов-на-Дону,12,1,0,1,635.5701376302294,0.7407032411342263
900,176.95767776902127,0.7837917844853972,1,20,Екатеринбург,3,1,0,3,58.98589258967376,0.2162082155146028
357,123.86017948745963,0.9007018640112585,0,22,Новосибирск,2,0,0,2,61.930089743729816,0.09929813598874149
109,305.9183489424602,0.6960206180537922,1,23,Москва,21,1,1,2,152.9591744712301,0.30397938194620777
158,785.4576537958458,0.8808707591989284,1,62,Санкт-Петербург,17,0,0,2,392.7288268979229,0.11912924080107157
356,678.177350385684,0.8734232380816606,1,44,Санкт-Петербург,25,0,1,1,678.177350385684,0.12657676191833944
10,737.2653200164409,0.4894249636431405,1,27,Москва,26,1,0,1,737.2653200164409,0.5105750363568595
743,772.848442158626,0.7693048936413398,1,51,Новосибирск,22,0,1,1,772.848442158626,0.2306951063586602
54,905.3446153848839,0.7987832357736654,1,21,Екатеринбург,12,1,0,4,226.33615384622098,0.2012167642263346
195,405.1268119438306,0.04574203381251285,0,62,Новосибирск,12,1,1,2,202.5634059719153,0.9542579661874871
909,333.4810900881632,0.3269316163380791,0,31,Санкт-Петербург,25,0,0,3,111.16036336272107,0.6730683836619209
519,988.54851638345,0.24348229657629927,1,41,Санкт-Петербург,14,0,0,4,247.1371290958625,0.7565177034237007
213,686.7651335523404,0.16362382119166918,0,37,Москва,2,0,1,3,228.9217111841135,0.8363761788083308
135,948.6187335212672,0.6832587636595959,1,28,Казань,22,1,0,2,474.3093667606336,0.3167412363404041
199,898.3777818386055,0.7496518317429247,1,52,Санкт-Петербург,7,1,0,3,299.4592606128685,0.2503481682570753
151,917.4392973699884,0.7083629767150348,1,48,Санкт-Петербург,23,0,0,3,305.81309912332944,0.2916370232849652
478,598.4688559611886,0.7622851347766157,1,45,Санкт-Петербург,20,0,0,2,299.2344279805943,0.23771486522338425
123,386.2031274746775,0.8621276172654506,1,64,Ростов-на-Дону,25,1,1,4,96.55078186866938,0.13787238273454938
305,753.4822003503954,0.7090605194509164,1,36,Екатеринбург,20,1,0,4,188.37055008759884,0.2909394805490836
582,982.0293177569293,0.39090599590551467,1,38,Екатеринбург,1,0,1,3,327.34310591897645,0.6090940040944853
22,225.54447458683765,0.29734900737255077,0,33,Санкт-Петербург,0,0,1,3,75.18149152894588,0.7026509926274492
931,225.4204666655417,0.5799837874281313,0,59,Москва,24,0,0,2,112.71023333277085,0.4200162125718687
411,387.38227383137337,0.20584121003676825,0,33,Ростов-на-Дону,24,0,1,2,193.69113691568668,0.7941587899632317
912,341.2572767405886,0.8766507618282006,0,33,Екатеринбург,9,1,1,1,341.2572767405886,0.12334923817179944
93,784.7065437552077,0.6077367948788591,1,49,Казань,28,0,0,1,784.7065437552077,0.3922632051211409
215,740.9612992127823,0.6936822257814886,1,41,Ростов-на-Дону,0,0,1,1,740.9612992127823,0.30631777421851136
334,204.46537645622462,0.9963339160567419,1,48,Новосибирск,13,0,0,2,102.23268822811231,0.0036660839432580694
713,524.4185696951425,0.7807615860684398,1,27,Москва,2,1,1,2,262.20928484757127,0.21923841393156018
807,940.9303132921134,0.6613706110704144,1,50,Казань,21,1,1,2,470.4651566460567,0.3386293889295856
92,741.9203085006955,0.6496466489923685,1,21,Казань,19,1,1,2,370.9601542503477,0.35035335100763154
385,761.5639394234972,0.6567366645412922,1,49,Москва,3,0,1,2,380.7819697117486,0.3432633354587078
38,187.90490260574546,0.7247667715287615,0,42,Казань,12,0,0,2,93.95245130287273,0.27523322847123854
307,564.6703134710758,0.7140869321324278,1,51,Екатеринбург,2,1,1,2,282.3351567355379,0.2859130678675722
178,448.0618116704837,0.10698063882695841,0,49,Новосибирск,21,0,0,2,224.03090583524184,0.8930193611730416
664,313.504112562395,0.49696348290583026,0,48,Новосибирск,25,0,1,3,104.50137085413166,0.5030365170941697
622,288.41439100303927,0.060142342600785215,0,38,Москва,28,0,1,2,144.20719550151964,0.9398576573992148
685,936.4383902148272,0.13252467274184843,1,27,Екатеринбург,25,1,1,2,468.2191951074136,0.8674753272581516
312,170.61074320803937,0.8948166560605276,1,53,Москва,3,1,1,1,170.61074320803937,0.10518334393947237
388,259.69558940175057,0.13087366071834983,0,21,Санкт-Петербург,18,0,0,1,259.69558940175057,0.8691263392816502
63,845.8637582367364,0.7682734138645182,1,60,Москва,20,1,0,3,281.95458607891214,0.2317265861354818
44,918.3883618709039,0.6258913764370091,1,48,Москва,14,1,1,1,918.3883618709039,0.3741086235629909
987,719.5621567849624,0.7279393069737652,1,50,Санкт-Петербург,25,1,1,1,719.5621567849624,0.2720606930262348
479,972.3722820571891,0.7978136488586345,1,21,Екатеринбург,0,1,1,2,486.18614102859453,0.20218635114136552
925,482.6921540223101,0.7941973312770843,1,36,Казань,0,1,1,1,482.6921540223101,0.20580266872291575
576,954.5685612918779,0.09571455552016173,1,40,Казань,25,1,1,1,954.5685612918779,0.9042854444798383
196,414.2886171513948,0.8715368061523763,1,44,Ростов-на-Дону,10,0,1,3,138.0962057171316,0.12846319384762372
193,910.3762514469975,0.34588305695295674,1,28,Новосибирск,5,1,0,4,227.59406286174936,0.6541169430470433
249,967.2579793803276,0.9208478478156868,1,31,Екатеринбург,12,1,1,4,241.8144948450819,0.07915215218431315
652,583.395887636693,0.3031283559453286,1,57,Казань,6,1,0,2,291.6979438183465,0.6968716440546714
250,867.708509920624,0.616650314520738,1,46,Екатеринбург,5,1,1,2,433.854254960312,0.38334968547926196
639,342.31890785444284,0.9924835021583752,1,31,Екатеринбург,17,0,1,1,342.31890785444284,0.007516497841624781
898,906.7022366690078,0.18802473461541613,1,52,Санкт-Петербург,25,1,1,1,906.7022366690078,0.8119752653845839
690,268.339373701771,0.7648098009029954,1,58,Санкт-Петербург,11,1,1,3,89.44645790059035,0.23519019909700456
699,238.92644374678207,0.9631151115891738,1,26,Ростов-на-Дону,5,0,0,1,238.92644374678207,0.036884888410826155
494,269.30904375138516,0.07319592376844364,0,47,Ростов-на-Дону,2,1,1,2,134.65452187569258,0.9268040762315564
227,975.7094992772011,0.3975943979627943,1,22,Казань,28,1,0,3,325.23649975906704,0.6024056020372057
98,484.78691652269464,0.18643826214425452,0,34,Москва,2,0,1,2,242.39345826134732,0.8135617378557455
991,819.4742910720813,0.7655128989911097,1,44,Новосибирск,13,1,1,3,273.1580970240271,0.23448710100889025
309,815.6675752918333,0.33945019254280606,1,33,Казань,28,1,1,1,815.6675752918333,0.6605498074571939
840,669.0378591275773,0.22461561184385193,1,60,Новосибирск,22,1,1,2,334.5189295637887,0.7753843881561481
367,965.0715074415228,0.7158249646820886,1,20,Новосибирск,18,1,1,3,321.69050248050763,0.28417503531791144
7,152.27525095137952,0.6922765645178525,0,38,Москва,13,1,1,1,152.27525095137952,0.30772343548214753
617,154.97016386937736,0.9941393612211675,1,60,Екатеринбург,0,1,0,2,77.48508193468868,0.005860638778832472
434,191.01040851051124,0.6668642575461043,0,51,Санкт-Петербург,13,1,1,3,63.670136170170416,0.33313574245389566
999,955.2136184387222,0.05705472115125432,1,59,Ростов-на-Дону,9,1,1,1,955.2136184387222,0.9429452788487457
375,164.06978361420607,0.24723107440317704,0,33,Новосибирск,14,1,1,2,82.03489180710304,0.752768925596823
182,202.12616911653015,0.3418721660386861,0,38,Екатеринбург,27,1,0,3,67.37538970551005,0.6581278339613139
941,346.6496986184854,0.0585509292439792,0,30,Санкт-Петербург,15,1,0,2,173.3248493092427,0.9414490707560208
406,905.9709056465804,0.4746308757498139,1,61,Новосибирск,6,0,1,3,301.9903018821935,0.5253691242501861
352,870.8408570694901,0.5786754085723934,1,58,Москва,9,0,1,4,217.71021426737252,0.4213245914276066
760,809.7374901020777,0.547959488973693,1,41,Москва,26,1,1,2,404.86874505103884,0.45204051102630705
520,235.37520199317535,0.9270345447963066,1,25,Москва,2,1,1,3,78.45840066439179,0.07296545520369335
643,290.30320629689015,0.5209579772720422,0,57,Москва,16,1,1,3,96.76773543229672,0.4790420227279578
682,332.1125443404459,0.9756102008599149,1,61,Казань,10,1,1,4,83.02813608511147,0.0243897991400851
306,978.2668715162812,0.8709691237460856,1,62,Екатеринбург,10,1,1,1,978.2668715162812,0.1290308762539144
726,857.6458990824449,0.06229179813006269,1,32,Санкт-Петербург,0,1,0,3,285.88196636081494,0.9377082018699373
706,990.9642091509508,0.10566468426174391,1,51,Санкт-Петербург,14,1,1,2,495.4821045754754,0.8943353157382561
657,355.398315218852,0.5538022407123763,0,27,Екатеринбург,17,1,1,3,118.46610507295067,0.44619775928762373
483,509.0869582909959,0.5444890979608495,1,37,Новосибирск,8,1,1,3,169.6956527636653,0.45551090203915046
49,592.0392514089517,0.8700988739009299,1,27,Ростов-на-Дону,12,0,0,2,296.01962570447586,0.12990112609907012
544,704.5306159652711,0.25656278370136376,1,50,Новосибирск,6,1,1,2,352.26530798263553,0.7434372162986362
542,645.557171005792,0.10687692309474384,1,31,Санкт-Петербург,17,1,1,3,215.18572366859735,0.8931230769052562
418,395.79809083292434,0.1221099140100268,1,46,Санкт-Петербург,29,1,1,1,395.79809083292434,0.8778900859899732
408,109.75388633226852,0.8056701529500532,0,22,Москва,9,1,1,2,54.87694316613426,0.19432984704994682
792,627.6068488151175,0.7374337687214856,1,35,Москва,15,0,1,4,156.90171220377937,0.2625662312785144
636,502.6711301411092,0.23464208185545354,0,52,Казань,15,1,0,1,502.6711301411092,0.7653579181445465
174,303.84619767814416,0.2598035810641598,0,52,Новосибирск,16,1,1,3,101.28206589271473,0.7401964189358402
45,332.9019834400152,0.8859777482361871,1,43,Казань,17,0,0,2,166.4509917200076,0.11402225176381287
253,866.0230043651712,0.11730818896239448,1,44,Новосибирск,5,0,0,3,288.6743347883904,0.8826918110376055
256,601.1211362125151,0.4303058948994627,1,44,Екатеринбург,10,1,1,2,300.56056810625756,0.5696941051005373
833,226.7713183418199,0.5824226582072465,0,29,Санкт-Петербург,4,1,0,3,75.5904394472733,0.4175773417927535
99,122.87721406968566,0.7795844735667533,0,46,Санкт-Петербург,1,1,0,3,40.959071356561886,0.2204155264332467
491,510.0910775071416,0.23754413087432746,0,49,Санкт-Петербург,19,0,1,2,255.0455387535708,0.7624558691256725
916,492.51387622178504,0.722070938202737,1,31,Санкт-Петербург,10,1,1,3,164.17129207392836,0.27792906179726296
566,630.9259181691698,0.42373825364876283,1,43,Казань,21,0,1,1,630.9259181691698,0.5762617463512372
65,352.84105871864267,0.4213570022770702,0,31,Москва,13,1,0,1,352.84105871864267,0.5786429977229298
811,986.3570790661012,0.6603027197013381,1,44,Москва,5,1,0,3,328.78569302203374,0.33969728029866186
449,438.6336269778242,0.9446142194740232,1,42,Санкт-Петербург,26,1,1,2,219.3168134889121,0.05538578052597676
137,566.9115595690295,0.8512069140487687,1,61,Казань,12,0,1,1,566.9115595690295,0.1487930859512313
880,299.7749457396545,0.5650219928590161,0,48,Новосибирск,0,0,0,2,149.88747286982726,0.4349780071409839
492,658.1193380213831,0.3732517916293401,1,64,Новосибирск,14,1,0,3,219.37311267379437,0.6267482083706599
730,247.29034857913405,0.6152194382310109,0,45,Екатеринбург,22,1,0,3,82.43011619304468,0.3847805617689891
62,344.2141285965063,0.9840834691992951,1,39,Санкт-Петербург,6,1,1,2,172.10706429825316,0.015916530800704876
707,390.11846047725066,0.6408263146902062,1,34,Екатеринбург,6,1,1,2,195.05923023862533,0.35917368530979377
73,104.96990541124217,0.04209318963636188,0,21,Екатеринбург,18,1,0,2,52.48495270562108,0.9579068103636381
207,191.3243885794289,0.6832953766065052,0,59,Казань,17,1,1,2,95.66219428971445,0.3167046233934948
24,429.7256589643225,0.9710582451653678,1,52,Екатеринбург,13,1,1,2,214.86282948216126,0.02894175483463224
823,400.14925452202976,0.6150129680388666,1,35,Казань,11,1,0,1,400.14925452202976,0.3849870319611334
734,570.7588822922073,0.4260833838903715,1,37,Ростов-на-Дону,13,1,0,3,190.25296076406912,0.5739166161096285
967,747.1413146658209,0.18447625313363936,1,38,Екатеринбург,3,1,1,3,249.04710488860698,0.8155237468663606
888,314.36450294205383,0.24667886452162302,0,36,Казань,15,0,0,2,157.18225147102692,0.753321135478377
279,731.770189531933,0.14249554290151323,1,31,Москва,14,1,1,3,243.92339651064435,0.8575044570984868
200,801.8879912718614,0.13008624013063197,1,56,Новосибирск,2,1,1,3,267.29599709062046,0.869913759869368
88,673.8017242196918,0.16703394609207523,1,63,Новосибирск,0,1,0,3,224.60057473989727,0.8329660539079248
704,220.97320924507682,0.5061418628402441,1,43,Екатеринбург,16,1,1,2,110.48660462253841,0.4938581371597559
224,430.9442227534902,0.9436159201675989,1,47,Санкт-Петербург,24,1,0,3,143.6480742511634,0.056384079832401124
901,287.0976296314246,0.5542265141320166,0,63,Санкт-Петербург,17,1,1,3,95.69920987714153,0.4457734858679834
252,446.58795574173274,0.4815223515125501,1,42,Новосибирск,25,1,0,2,223.29397787086637,0.5184776484874499
372,116.39964308639475,0.18097695270948977,0,63,Екатеринбург,23,1,1,3,38.79988102879825,0.8190230472905102
585,670.0607688850532,0.9877855202148873,1,29,Ростов-на-Дону,16,1,0,2,335.0303844425266,0.012214479785112697
164,582.1972156672826,0.7435082562916078,1,58,Ростов-на-Дону,8,1,0,1,582.1972156672826,0.25649174370839223
871,435.9783846517777,0.8177853298569451,1,44,Санкт-Петербург,6,1,1,3,145.32612821725922,0.18221467014305492
124,199.04673207490907,0.8095160747248781,0,47,Санкт-Петербург,7,1,1,4,49.76168301872727,0.19048392527512192
729,281.46458804297004,0.8139702695060188,1,56,Новосибирск,17,1,1,2,140.73229402148502,0.1860297304939812
817,632.1478921704363,0.29544477747742026,1,49,Москва,22,1,0,2,316.07394608521815,0.7045552225225797
436,730.872218313208,0.029973589872677953,1,54,Екатеринбург,25,1,1,1,730.872218313208,0.970026410127322
897,363.83295723491193,0.615985450260179,1,49,Ростов-на-Дону,17,1,1,3,121.2776524116373,0.38401454973982097
296,570.0189340493239,0.2001502442448101,1,21,Санкт-Петербург,9,1,1,1,570.0189340493239,0.7998497557551899
241,946.4127259176229,0.8686231679556108,1,64,Москва,15,0,0,3,315.4709086392076,0.1313768320443892
17,373.8180186635839,0.18057534512733353,0,36,Новосибирск,14,1,1,1,373.8180186635839,0.8194246548726665
395,406.72318622771604,0.3370031764312863,0,55,Казань,18,1,1,3,135.5743954092387,0.6629968235687137
468,881.7392153705142,0.4069079607228706,0,21,Новосибирск,26,1,0,2,440.8696076852571,0.5930920392771294
753,664.9372477642761,0.012120774643893273,0,20,Москва,20,1,0,3,221.6457492547587,0.9878792253561067
825,583.6560426441306,0.6439042535411307,1,51,Новосибирск,25,1,0,1,583.6560426441306,0.3560957464588693
346,654.2650882469948,0.42549333444807536,1,26,Новосибирск,1,0,1,1,654.2650882469948,0.5745066655519246
32,253.47171131856237,0.596269878482053,0,23,Казань,15,1,1,3,84.4905704395208,0.40373012151794696
341,542.4542876051491,0.2576828885112137,0,48,Екатеринбург,19,1,0,1,542.4542876051491,0.7423171114887863
659,681.325517198441,0.3969815170742834,1,59,Екатеринбург,21,1,0,4,170.33137929961026,0.6030184829257166
896,284.48586587423887,0.7330712960296748,1,42,Новосибирск,26,1,1,2,142.24293293711943,0.2669287039703252
31,646.7903667112945,0.03700763471549262,0,58,Ростов-на-Дону,5,1,0,2,323.39518335564725,0.9629923652845074
609,553.0755437693712,0.23371208191043302,0,46,Новосибирск,28,0,0,1,553.0755437693712,0.766287918089567
572,805.2877114670288,0.16801420774486342,1,54,Новосибирск,16,0,1,3,268.4292371556763,0.8319857922551366
257,942.5392967447028,0.20052472670033672,1,64,Казань,6,1,1,1,942.5392967447028,0.7994752732996633
539,505.48972177908416,0.18143834769562694,0,57,Санкт-Петербург,24,1,1,2,252.74486088954208,0.818561652304373
33,158.54643368675156,0.23000883728770305,0,52,Ростов-на-Дону,23,1,1,2,79.27321684337578,0.769991162712297
607,285.7003465652133,0.0676125635922149,1,30,Екатеринбург,1,1,0,4,71.42508664130332,0.9323874364077851
778,750.0273115537597,0.4376031240553919,1,45,Ростов-на-Дону,26,1,1,1,750.0273115537597,0.5623968759446081
259,613.0550530804285,0.06420893707513409,0,51,Ростов-на-Дону,9,1,0,2,306.52752654021424,0.9357910629248659
2,955.6428757689246,0.5419009473783581,1,27,Екатеринбург,24,1,0,2,477.8214378844623,0.45809905262164186
111,360.77630762239124,0.8158331249906178,1,38,Санкт-Петербург,27,1,1,1,360.77630762239124,0.18416687500938222
188,599.6807304395161,0.0678370591051719,0,20,Ростов-на-Дону,8,1,1,2,299.84036521975804,0.9321629408948281
117,823.304869209203,0.09148683739775487,1,40,Ростов-на-Дону,7,0,0,2,411.6524346046015,0.9085131626022451
583,543.3562845935826,0.594476335186173,1,62,Ростов-на-Дону,29,1,0,1,543.3562845935826,0.40552366481382696
552,866.9633502866861,0.6016118201463312,1,50,Ростов-на-Дону,26,1,1,2,433.48167514334307,0.3983881798536688
892,870.1268212956571,0.40149431586128825,1,28,Казань,26,1,1,2,435.06341064782856,0.5985056841387117
429,415.82351129687083,0.6391199378155004,1,27,Новосибирск,27,1,1,2,207.91175564843542,0.36088006218449964
144,370.7904788350927,0.5657319639957911,1,46,Ростов-на-Дону,24,0,1,2,185.39523941754635,0.43426803600420893
27,279.70640394252376,0.8620426509893134,1,41,Москва,15,1,1,3,93.23546798084125,0.13795734901068657
853,288.91503378602715,0.861369996363436,1,55,Новосибирск,0,0,1,2,144.45751689301358,0.13863000363656397
676,984.1407552177458,0.3046791390980408,1,42,Новосибирск,0,1,0,4,246.03518880443644,0.6953208609019592
541,958.6459245328501,0.7090462617224327,1,39,Ростов-на-Дону,1,1,0,1,958.6459245328501,0.2909537382775673
70,988.1982429404655,0.28723899165408173,1,44,Казань,23,1,1,2,494.0991214702328,0.7127610083459183
159,313.8737895931597,0.871843527745232,1,60,Санкт-Петербург,15,1,1,2,156.93689479657985,0.128156472254768
746,909.6171159471116,0.4813441516353236,1,29,Екатеринбург,11,1,1,3,303.2057053157039,0.5186558483646764
696,649.5580381974694,0.06817230938549357,0,38,Екатеринбург,19,0,1,2,324.7790190987347,0.9318276906145064
233,619.2134961637232,0.2131047040250833,1,40,Ростов-на-Дону,21,1,0,2,309.6067480818616,0.7868952959749167
286,132.34804641706788,0.5177116433847114,0,48,Москва,19,0,0,1,132.34804641706788,0.48228835661528857
694,318.1687591735722,0.1463739921622491,0,49,Москва,18,1,1,2,159.0843795867861,0.8536260078377509
806,762.7998120622506,0.7746535311811819,1,33,Новосибирск,0,1,1,3,254.26660402075018,0.22534646881881815
553,596.716154897037,0.8191888594267902,1,34,Казань,21,1,1,3,198.905384965679,0.1808111405732098
645,207.7859186373261,0.08912443211601662,1,47,Казань,23,1,1,2,103.89295931866305,0.9108755678839834
295,214.3544613866963,0.8005866991090829,1,40,Ростов-на-Дону,12,1,1,2,107.17723069334815,0.19941330089091713
191,183.7924910253093,0.0673506014687717,0,61,Казань,24,0,0,2,91.89624551265464,0.9326493985312283
482,726.1738200861555,0.12020905537060844,1,42,Екатеринбург,4,1,1,1,726.1738200861555,0.8797909446293916
623,433.4248925122438,0.5622968158779098,1,20,Ростов-на-Дону,17,1,1,3,144.47496417074794,0.4377031841220902
167,388.70205847456225,0.8321341779577419,1,52,Екатеринбург,24,1,1,3,129.56735282485408,0.16786582204225808
353,692.8242684570505,0.43861541918959046,1,20,Новосибирск,22,1,1,3,230.94142281901682,0.5613845808104095
963,320.81419871318883,0.8398022856356172,1,51,Казань,8,1,1,3,106.93806623772961,0.1601977143643828
575,876.1273378720707,0.21673980009077565,1,24,Екатеринбург,15,1,1,4,219.03183446801768,0.7832601999092244
475,574.9309981776698,0.3270331615632387,1,34,Екатеринбург,26,0,0,2,287.4654990888349,0.6729668384367613
299,660.6014282371002,0.6364302495436367,1,63,Москва,7,0,1,2,330.3007141185501,0.3635697504563633
844,964.9632857225097,0.6129395824945255,1,58,Санкт-Петербург,13,1,0,2,482.48164286125484,0.3870604175054745
419,705.2666104693345,0.4521990282834353,0,49,Санкт-Петербург,24,1,1,3,235.08887015644484,0.5478009717165647
709,329.17658928738746,0.6195879548978296,0,39,Ростов-на-Дону,21,0,1,3,109.72552976246249,0.3804120451021704
170,631.8036488694177,0.2870381331749128,1,53,Екатеринбург,7,1,1,1,631.8036488694177,0.7129618668250872
695,203.35314226528317,0.36753442229153144,0,48,Новосибирск,5,1,0,3,67.78438075509439,0.6324655777084686
647,634.2332081986438,0.12771348363523483,1,49,Москва,21,1,0,1,634.2332081986438,0.8722865163647652
934,573.1211640724173,0.6034876665964548,1,41,Казань,23,0,1,3,191.0403880241391,0.3965123334035452
369,276.2120213103668,0.17968310887024197,0,41,Казань,14,1,1,4,69.0530053275917,0.820316891129758
872,343.6702058291984,0.2135113663106719,0,35,Ростов-на-Дону,25,1,0,2,171.8351029145992,0.7864886336893281
355,163.51187266038687,0.48666894142470285,0,62,Казань,2,0,0,1,163.51187266038687,0.5133310585752971
336,136.65592208707312,0.6503256863469369,0,32,Казань,18,0,0,3,45.55197402902437,0.3496743136530631
347,671.5842857808794,0.3459349925469629,1,32,Казань,24,1,1,3,223.86142859362647,0.6540650074530371
240,259.399611466344,0.18552551570312115,0,22,Санкт-Петербург,1,1,1,4,64.849902866586,0.8144744842968789
126,484.3970097636307,0.5508573706091393,1,64,Москва,24,1,1,3,161.46566992121024,0.4491426293908607
777,306.32625570937734,0.6881347060865421,0,39,Казань,24,1,1,2,153.16312785468867,0.31186529391345785
794,650.308811891183,0.6802277792083533,1,23,Москва,18,1,1,2,325.1544059455915,0.3197722207916467
47,380.53996848046984,0.23295947475363377,0,29,Санкт-Петербург,9,1,0,3,126.84665616015661,0.7670405252463662
425,151.80288401497984,0.9866301229588469,1,53,Ростов-на-Дону,25,0,1,2,75.90144200748992,0.013369877041153111
438,839.6740533613206,0.7046807627366467,1,38,Ростов-на-Дону,20,1,0,1,839.6740533613206,0.2953192372633533
688,351.98118429425574,0.4870619188189359,0,49,Санкт-Петербург,26,0,1,2,175.99059214712787,0.5129380811810641
505,716.2580552984914,0.38019561878585706,1,23,Москва,17,0,0,1,716.2580552984914,0.6198043812141429
603,259.30943584907214,0.22665640222698802,0,44,Ростов-на-Дону,3,1,1,2,129.65471792453607,0.773343597773012
841,111.78501092950027,0.3721670238375133,0,50,Казань,5,0,1,3,37.26167030983343,0.6278329761624867
238,121.88436978830845,0.47320990669155716,0,40,Санкт-Петербург,18,1,1,1,121.88436978830845,0.5267900933084428
725,617.0258018619207,0.6921613416941319,1,55,Новосибирск,1,0,1,3,205.67526728730692,0.3078386583058681
884,193.69772378611646,0.761121537043158,0,62,Москва,9,1,1,2,96.84886189305823,0.238878462956842
67,226.83180247728637,0.23877714576830233,0,22,Казань,21,1,1,3,75.61060082576212,0.7612228542316977
462,684.2892719044572,0.6512329770414921,1,30,Новосибирск,21,1,1,3,228.0964239681524,0.3487670229585079
711,784.2050739007179,0.1520248531286481,1,56,Новосибирск,22,1,1,2,392.10253695035897,0.8479751468713519
768,889.0890730855745,0.47601812936876653,1,61,Екатеринбург,7,1,1,1,889.0890730855745,0.5239818706312335
112,245.09915852860397,0.22444057183666066,0,45,Ростов-на-Дону,15,1,1,2,122.54957926430198,0.7755594281633393
444,433.5779323602018,0.44375021930457115,0,47,Казань,7,0,1,2,216.7889661801009,0.5562497806954289
19,488.7505167779042,0.9154882975880418,0,52,Москва,7,1,1,2,244.3752583889521,0.08451170241195816
204,908.6987696743713,0.32361021914954125,0,21,Ростов-на-Дону,0,1,1,4,227.17469241859283,0.6763897808504588
437,165.48670572777417,0.3079299415911909,0,56,Санкт-Петербург,15,1,1,3,55.162235242591386,0.6920700584088091
985,755.369880583243,0.13347997241594378,1,35,Москва,25,1,0,3,251.78996019441433,0.8665200275840562
813,212.19641308294015,0.265046428325004,0,51,Екатеринбург,17,1,1,3,70.73213769431338,0.734953571674996
405,388.0446409275506,0.6638045276218051,1,48,Новосибирск,12,1,1,2,194.0223204637753,0.3361954723781949
75,736.1716094628554,0.9877223897360315,1,29,Ростов-на-Дону,22,1,1,3,245.39053648761845,0.012277610263968453
379,833.0216343300422,0.3592333693997657,1,21,Казань,2,1,1,4,208.25540858251054,0.6407666306002343
320,325.21860834813583,0.0603520839905638,0,34,Екатеринбург,8,0,1,1,325.21860834813583,0.9396479160094362
136,390.8826388186797,0.07613085949030018,0,64,Ростов-на-Дону,29,1,0,3,130.2942129395599,0.9238691405096998
629,133.01488260153812,0.09667644964671962,0,31,Москва,9,0,0,3,44.338294200512706,0.9033235503532804
42,545.6592191001432,0.7907231648389635,1,48,Новосибирск,21,0,1,3,181.8864063667144,0.20927683516103646
148,552.4111209059754,0.6584518346584255,1,47,Москва,12,0,0,3,184.1370403019918,0.3415481653415745
496,418.01700522344754,0.6682127985550163,1,32,Ростов-на-Дону,13,1,1,1,418.01700522344754,0.33178720144498375
771,199.5685632596865,0.45944676840598664,0,58,Москва,27,0,1,3,66.5228544198955,0.5405532315940134
4,638.792635777333,0.7322248864095612,1,33,Екатеринбург,29,1,1,3,212.93087859244432,0.2677751135904388
752,945.8489112521277,0.2152018720172375,1,36,Ростов-на-Дону,19,0,1,2,472.92445562606383,0.7847981279827625
316,726.3767854843281,0.643577695196525,1,30,Москва,4,1,0,2,363.18839274216407,0.35642230480347503
710,713.3524500015363,0.6502010923981534,1,22,Ростов-на-Дону,24,0,1,2,356.67622500076817,0.3497989076018466
417,363.8896945282581,0.03934354066850965,0,51,Новосибирск,28,1,1,2,181.94484726412904,0.9606564593314904
995,424.8765072460241,0.7513750860290457,1,61,Москва,20,1,0,3,141.62550241534137,0.24862491397095432
650,548.5979790361516,0.7087446977429764,1,21,Новосибирск,4,1,1,2,274.2989895180758,0.29125530225702356
692,482.8927947547751,0.5025660764634424,1,36,Казань,18,1,1,4,120.72319868869377,0.4974339235365576
289,357.88712691545595,0.033203108791366565,0,32,Казань,14,0,1,4,89.47178172886399,0.9667968912086334
763,323.64022583301914,0.09808258078424459,0,37,Екатеринбург,15,0,0,2,161.82011291650957,0.9019174192157554
96,544.4160367279517,0.17652803200550826,0,22,Санкт-Петербург,4,1,1,2,272.20801836397584,0.8234719679944917
236,750.2069037353548,0.36852634372376114,1,29,Казань,0,0,0,2,375.1034518676774,0.6314736562762389
886,260.69019584890026,0.4615574744197899,0,49,Казань,11,1,1,2,130.34509792445013,0.5384425255802101
938,922.8689259044492,0.8250494101800621,1,27,Санкт-Петербург,16,1,1,2,461.4344629522246,0.17495058981993794
229,902.841899659402,0.9839776479598282,1,57,Ростов-на-Дону,22,1,1,1,902.841899659402,0.016022352040171772
776,234.9256846138964,0.31540689574801273,0,59,Казань,16,1,1,2,117.4628423069482,0.6845931042519873
323,694.1776390459581,0.8717835665922017,1,27,Екатеринбург,1,1,0,2,347.08881952297907,0.1282164334077983
113,936.7278871083157,0.22381761482262308,1,44,Санкт-Петербург,2,1,1,2,468.36394355415786,0.7761823851773769
997,925.5822179160185,0.956614621083458,1,45,Москва,1,1,0,2,462.79110895800926,0.04338537891654204
493,349.6430646830194,0.22726962726315147,0,51,Ростов-на-Дону,29,1,1,3,116.54768822767313,0.7727303727368485
497,625.2905006657849,0.6194903460096145,1,46,Новосибирск,15,0,1,2,312.64525033289243,0.3805096539903855
328,650.548671610917,0.7896985071424791,0,38,Санкт-Петербург,6,1,1,3,216.84955720363902,0.21030149285752087
723,159.84664063009973,0.30327514756759555,0,58,Новосибирск,8,1,0,3,53.282213543366574,0.6967248524324045
860,159.13777548551712,0.7284906771616132,0,27,Москва,17,0,1,4,39.78444387137928,0.2715093228383868
208,697.1515921972502,0.44590270637674834,1,55,Санкт-Петербург,16,1,1,4,174.28789804931256,0.5540972936232517
578,933.9288626453449,0.641971500443266,1,38,Екатеринбург,1,0,1,3,311.30962088178165,0.358028499556734
262,991.048465093837,0.7975591006371882,1,61,Москва,19,1,0,4,247.76211627345924,0.20244089936281184
162,669.0752475342215,0.1288698674734452,1,64,Москва,5,1,0,2,334.53762376711074,0.8711301325265548
660,613.7004742020207,0.44720254050483565,1,62,Новосибирск,18,1,0,2,306.85023710101035,0.5527974594951643
845,233.79645497780166,0.9430758377447076,1,41,Москва,28,1,1,1,233.79645497780166,0.0569241622552924
543,305.77852495311646,0.5673122196289035,0,62,Казань,21,1,0,2,152.88926247655823,0.43268778037109645
424,544.9782742323233,0.14834320096208886,0,50,Казань,10,1,0,3,181.65942474410778,0.8516567990379111
324,351.94050725134855,0.21921398735804432,0,62,Санкт-Петербург,21,0,0,2,175.97025362567427,0.7807860126419557
834,258.748287855601,0.7480731794295321,1,22,Новосибирск,28,1,0,2,129.3741439278005,0.2519268205704679
314,966.3835732101326,0.8172977699624937,1,61,Санкт-Петербург,12,1,1,3,322.12785773671084,0.1827022300375063
412,955.0557703457245,0.11191961939772788,1,59,Ростов-на-Дону,5,1,1,3,318.35192344857484,0.8880803806022721
667,321.3619555460573,0.2085105143573358,0,49,Екатеринбург,6,1,1,4,80.34048888651432,0.7914894856426642
363,512.4276014423649,0.6229665835634828,1,35,Ростов-на-Дону,18,0,0,3,170.8092004807883,0.3770334164365172
264,566.4966871273631,0.4552201490818012,1,58,Ростов-на-Дону,27,1,1,2,283.24834356368154,0.5447798509181988
348,140.77360879484007,0.3710387629846027,0,24,Ростов-на-Дону,12,1,0,2,70.38680439742004,0.6289612370153973
453,481.79980832227864,0.8689049844787182,1,45,Ростов-на-Дону,0,1,1,2,240.89990416113932,0.13109501552128178
11,118.52604486622221,0.22120944181960223,1,52,Казань,27,1,0,2,59.263022433111104,0.7787905581803978
989,321.76182991519613,0.43685070261517955,0,33,Москва,25,1,0,2,160.88091495759807,0.5631492973848204
280,816.2134024924909,0.49888815345135606,1,42,Санкт-Петербург,2,1,0,2,408.10670124624545,0.5011118465486439
611,135.38092585698905,0.8800790875614583,0,42,Ростов-на-Дону,26,0,1,2,67.69046292849453,0.11992091243854175
861,797.9748550255096,0.7764474464997246,1,46,Санкт-Петербург,10,1,0,1,797.9748550255096,0.22355255350027536
814,928.7576943556351,0.020944961030912812,1,57,Ростов-на-Дону,5,0,0,1,928.7576943556351,0.9790550389690872
697,359.7674979162302,0.025811906949486985,0,30,Екатеринбург,23,0,1,4,89.94187447905755,0.974188093050513
673,172.21037109547797,0.8680566901074503,0,35,Екатеринбург,5,1,0,2,86.10518554773898,0.13194330989254965
345,458.6542609576361,0.742706521199981,1,36,Новосибирск,12,1,1,1,458.6542609576361,0.25729347880001896
455,200.07773407553623,0.03038705969683686,0,61,Екатеринбург,7,1,1,1,200.07773407553623,0.9696129403031631
744,552.4483510832313,0.011031264428647214,0,24,Ростов-на-Дону,18,0,1,4,138.11208777080782,0.9889687355713528
79,422.61915568984534,0.21825388786506417,0,62,Екатеринбург,21,0,1,3,140.87305189661512,0.7817461121349358
816,566.9542514134649,0.9678600348450305,1,47,Новосибирск,0,0,0,1,566.9542514134649,0.03213996515496953
846,473.16171135432137,0.24069271183250496,0,23,Новосибирск,25,1,1,3,157.72057045144047,0.759307288167495
333,112.95413976678029,0.22845474133129873,0,20,Санкт-Петербург,28,1,1,2,56.47706988339014,0.7715452586687013
801,736.5147708820588,0.9565013982994801,1,56,Ростов-на-Дону,11,0,0,2,368.2573854410294,0.04349860170051989
390,826.1512653405376,0.45378954138363925,1,27,Санкт-Петербург,24,0,1,2,413.0756326702688,0.5462104586163608
216,313.52417874712006,0.2207696127887604,0,30,Санкт-Петербург,3,1,0,4,78.38104468678002,0.7792303872112396
153,230.40538488210078,0.6974714616692836,0,46,Санкт-Петербург,14,0,0,1,230.40538488210078,0.30252853833071636
799,726.9857414892031,0.0712567277652586,1,64,Казань,16,1,1,3,242.32858049640103,0.9287432722347414
287,519.0382163192141,0.08786649914483335,0,56,Новосибирск,14,1,0,2,259.5191081596071,0.9121335008551666
626,432.02227561279517,0.6900048908206657,1,20,Казань,26,0,0,1,432.02227561279517,0.30999510917933426
960,764.2302547837334,0.785651618080232,1,62,Новосибирск,12,1,1,3,254.74341826124444,0.21434838191976802
445,831.5196105317523,0.8681422543775054,1,25,Санкт-Петербург,18,1,1,1,831.5196105317523,0.13185774562249464
803,618.6595241501318,0.35325140850206416,1,38,Новосибирск,21,1,1,1,618.6595241501318,0.6467485914979358
808,933.0116616160986,0.18519556786746794,1,23,Новосибирск,14,0,1,2,466.5058308080493,0.8148044321325321
815,882.9067258559154,0.08217166747642735,1,57,Санкт-Петербург,12,1,1,3,294.3022419519718,0.9178283325235727
540,216.24347363634547,0.5251633836670602,0,46,Москва,28,1,1,3,72.08115787878182,0.47483661633293983
53,945.5490474077702,0.9390676985128962,1,36,Новосибирск,14,1,1,1,945.5490474077702,0.060932301487103824
97,570.4595464437946,0.22048620907017535,1,25,Ростов-на-Дону,25,1,0,2,285.2297732218973,0.7795137909298246
202,175.72596849554395,0.02458691645880151,0,37,Санкт-Петербург,20,1,1,3,58.575322831847984,0.9754130835411985
360,617.9267600882911,0.5923503285933622,1,62,Казань,21,1,0,1,617.9267600882911,0.40764967140663777
965,359.82436309362987,0.5718722712271865,1,60,Казань,16,1,0,2,179.91218154681494,0.42812772877281347
51,972.6261649881027,0.8747016726841994,1,48,Екатеринбург,14,1,1,2,486.31308249405134,0.1252983273158006
273,880.3650867220933,0.7798509888933498,1,41,Ростов-на-Дону,12,0,0,3,293.45502890736446,0.2201490111066502
288,588.380171236819,0.35062693120918076,1,42,Санкт-Петербург,17,1,0,3,196.12672374560634,0.6493730687908192
536,950.2891568941852,0.12188609333694755,1,27,Новосибирск,14,0,1,3,316.7630522980617,0.8781139066630524
116,884.3145311689459,0.5800862078378112,1,41,Ростов-на-Дону,13,0,1,4,221.07863279223648,0.4199137921621888
13,849.1983767203795,0.9440593396866133,1,30,Санкт-Петербург,27,1,1,1,849.1983767203795,0.055940660313386736
984,167.62400356222787,0.4829688720853552,0,28,Ростов-на-Дону,18,0,1,3,55.87466785407596,0.5170311279146448
624,536.0706866719192,0.9576252845053802,1,26,Санкт-Петербург,26,1,0,3,178.69022889063976,0.0423747154946198
741,516.4118071026458,0.8275378955668743,1,30,Ростов-на-Дону,2,0,0,4,129.10295177566144,0.1724621044331257
300,176.8127184943912,0.7064757264869012,0,37,Ростов-на-Дону,2,1,1,3,58.93757283146373,0.29352427351309884
206,108.27734645496668,0.7704074178077932,0,57,Москва,18,1,0,3,36.092448818322225,0.2295925821922068
391,991.454627800606,0.23605046334646396,1,41,Казань,15,0,1,3,330.4848759335353,0.763949536653536
856,271.6189485972999,0.2522410201733616,0,34,Санкт-Петербург,22,1,0,2,135.80947429864995,0.7477589798266384
277,818.4656610700977,0.24204501586252747,1,42,Екатеринбург,16,1,0,2,409.23283053504883,0.7579549841374725
338,733.2920734420213,0.6802282424312913,1,53,Ростов-на-Дону,22,1,1,2,366.64603672101066,0.3197717575687087
180,223.7688497313939,0.5412665786761103,0,37,Казань,27,1,1,3,74.58961657713131,0.4587334213238897
139,427.26664214136457,0.480586577326648,1,51,Казань,17,1,0,1,427.26664214136457,0.519413422673352
745,308.9914256321356,0.4161539981797615,0,57,Новосибирск,24,1,0,2,154.4957128160678,0.5838460018202385
867,239.71622133764126,0.04317373579701167,0,32,Новосибирск,19,1,1,2,119.85811066882063,0.9568262642029883
189,576.6855205204058,0.30096356694681625,1,46,Санкт-Петербург,5,1,1,2,288.3427602602029,0.6990364330531837
964,450.36605263777886,0.383832951933044,0,36,Екатеринбург,13,1,0,2,225.18302631888943,0.616167048066956
235,275.71868901824007,0.651666825375885,0,24,Новосибирск,8,1,1,3,91.90622967274669,0.34833317462411495
837,923.3613109612901,0.12809574636620003,1,48,Екатеринбург,25,1,0,2,461.68065548064504,0.8719042536338
797,938.9064542352512,0.7163233880626823,1,59,Санкт-Петербург,17,1,0,3,312.9688180784171,0.28367661193731775
927,341.8096234464515,0.5882022669483905,0,51,Ростов-на-Дону,23,1,0,3,113.93654114881717,0.4117977330516095
321,594.3039982355084,0.24710323401014644,1,47,Екатеринбург,19,1,1,1,594.3039982355084,0.7528967659898536
103,382.920382968694,0.8837858849634257,1,51,Москва,5,1,1,3,127.64012765623134,0.1162141150365743
561,733.6717912893013,0.3534213793027181,1,54,Новосибирск,28,1,0,3,244.55726376310042,0.6465786206972819
52,797.6195410250031,0.528937134027212,1,29,Новосибирск,11,1,1,1,797.6195410250031,0.471062865972788
282,404.19564116638225,0.702464970544104,1,22,Казань,19,0,0,4,101.04891029159556,0.29753502945589605
12,972.9188669457949,0.987668007996647,1,31,Новосибирск,24,1,1,3,324.30628898193163,0.012331992003352998
350,663.2739241428127,0.04010919141248248,1,22,Москва,6,1,1,2,331.63696207140634,0.9598908085875175
185,332.14746494364005,0.10250972799067926,0,22,Екатеринбург,24,1,0,1,332.14746494364005,0.8974902720093207
982,793.8209833712398,0.8026433097957104,1,63,Санкт-Петербург,4,0,1,1,793.8209833712398,0.1973566902042896
767,786.2128171666214,0.7373570773877997,1,34,Ростов-на-Дону,21,0,0,2,393.1064085833107,0.26264292261220035
876,240.5373376295713,0.5422372054918483,0,49,Санкт-Петербург,20,1,0,1,240.5373376295713,0.4577627945081517
513,939.4556350186119,0.9555236959549347,1,31,Новосибирск,26,0,1,1,939.4556350186119,0.04447630404506531
389,775.5532764767725,0.9698210450785447,1,51,Ростов-на-Дону,16,1,0,1,775.5532764767725,0.03017895492145528
953,257.83415076110464,0.5982252940637388,0,47,Новосибирск,12,1,1,2,128.91707538055232,0.4017747059362612
786,917.6055052002655,0.8951177407065364,1,63,Новосибирск,1,1,1,1,917.6055052002655,0.10488225929346362
107,469.3446307320668,0.39624201890265875,1,21,Казань,27,1,0,1,469.3446307320668,0.6037579810973412
857,132.8947010632854,0.7550419287462783,0,32,Санкт-Петербург,6,1,0,3,44.2982336877618,0.2449580712537217
526,521.8238438154733,0.25677656772050794,0,25,Москва,23,0,1,4,130.45596095386833,0.7432234322794921
950,637.6717919532774,0.43401936617387527,1,25,Казань,28,1,0,2,318.8358959766387,0.5659806338261247
978,146.2832321358253,0.4296568127389351,1,43,Москва,14,1,0,1,146.2832321358253,0.5703431872610649
919,787.2452147437847,0.39152569817782934,1,59,Санкт-Петербург,8,1,0,2,393.62260737189234,0.6084743018221707
198,907.3992339573194,0.9688778552856915,1,47,Казань,1,1,0,2,453.6996169786597,0.03112214471430852
538,322.6132915688779,0.6811178539649828,1,52,Екатеринбург,13,0,1,2,161.30664578443896,0.3188821460350172
471,110.9390272208347,0.5670162609866678,0,31,Санкт-Петербург,6,1,0,4,27.734756805208676,0.4329837390133322
910,441.7231673505402,0.14888805033244468,0,52,Екатеринбург,0,0,1,3,147.24105578351342,0.8511119496675553
214,301.8423785145038,0.7948095487499294,1,53,Екатеринбург,29,1,1,3,100.61412617150127,0.20519045125007063
108,779.9960246887438,0.7582384757040913,1,48,Москва,21,1,1,4,194.99900617218594,0.2417615242959087
325,959.3787525968747,0.9758652558191313,1,28,Екатеринбург,23,1,1,1,959.3787525968747,0.024134744180868695
368,914.8155777604574,0.909032520665641,1,48,Новосибирск,29,1,0,1,914.8155777604574,0.090967479334359
474,902.028802328264,0.404140321651033,1,30,Новосибирск,8,1,0,2,451.014401164132,0.595859678348967
945,285.7791445845429,0.7886149646724064,1,59,Екатеринбург,10,1,0,2,142.88957229227145,0.21138503532759356
115,670.0633808593811,0.5929399348417032,1,34,Москва,12,1,1,2,335.03169042969057,0.40706006515829685
179,943.0569898630611,0.761027902502028,1,29,Казань,20,1,1,4,235.76424746576527,0.238972097497972
218,771.8422646062218,0.6804993020747131,1,23,Санкт-Петербург,12,1,0,2,385.9211323031109,0.3195006979252869
304,673.6869113483859,0.5412963353010705,1,49,Санкт-Петербург,29,1,1,3,224.5623037827953,0.45870366469892954
270,364.232659838044,0.29166257870930323,0,64,Москва,3,1,0,2,182.116329919022,0.7083374212906968
970,528.4453619791897,0.026196708532064794,0,47,Ростов-на-Дону,19,1,0,1,528.4453619791897,0.9738032914679352
16,265.06405886809046,0.9252483174156658,1,31,Новосибирск,26,1,1,2,132.53202943404523,0.07475168258433418
738,834.9394955244194,0.19462251182076507,1,41,Москва,13,1,0,2,417.4697477622097,0.8053774881792349
422,810.6563285150985,0.5072348086883924,0,28,Ростов-на-Дону,13,1,1,1,810.6563285150985,0.49276519131160756
641,118.06407799995372,0.5399571302805596,0,39,Ростов-на-Дону,23,1,0,3,39.35469266665124,0.4600428697194404
809,505.7554342637189,0.17410933533408435,0,58,Санкт-Петербург,20,1,1,2,252.87771713185944,0.8258906646659157
715,413.9814398886958,0.05816379550547579,1,63,Новосибирск,29,1,1,1,413.9814398886958,0.9418362044945242
39,715.8097238609412,0.06535634079894237,1,33,Санкт-Петербург,4,1,1,2,357.9048619304706,0.9346436592010576
26,806.6583652537122,0.47421421665746377,1,38,Казань,1,0,1,4,201.66459131342805,0.5257857833425362
322,743.1363304300561,0.15954468011318834,1,43,Москва,6,1,1,3,247.71211014335202,0.8404553198868117
864,496.6864722444053,0.5450269188969383,1,27,Казань,0,0,0,1,496.6864722444053,0.45497308110306167
881,307.96731692926426,0.6888853020500907,1,49,Ростов-на-Дону,9,1,1,4,76.99182923231606,0.3111146979499093
926,120.22237748810565,0.09299063982313216,0,52,Екатеринбург,16,0,1,1,120.22237748810565,0.9070093601768678
421,812.4211393532637,0.3161561049767505,1,21,Новосибирск,16,1,1,4,203.10528483831592,0.6838438950232495
263,226.07561371287164,0.31036195892357377,0,61,Новосибирск,17,0,0,4,56.51890342821791,0.6896380410764262
86,392.66498982407234,0.4674015112498697,0,60,Новосибирск,27,1,1,4,98.16624745601808,0.5325984887501303
342,526.1245937025092,0.4626229567393163,1,58,Екатеринбург,11,1,1,3,175.37486456750307,0.5373770432606837
885,819.9244768358705,0.160071634954573,1,40,Ростов-на-Дону,18,1,1,2,409.9622384179352,0.839928365045427
830,506.99614680082647,0.29282203670096474,1,33,Екатеринбург,22,0,1,2,253.49807340041323,0.7071779632990353
616,928.7851604786318,0.6694869551981901,1,42,Новосибирск,0,1,1,3,309.5950534928773,0.3305130448018099
557,220.61370560557665,0.6109809888509917,0,30,Санкт-Петербург,13,0,0,2,110.30685280278833,0.3890190111490083
714,470.6568227325417,0.4598004237693202,1,59,Санкт-Петербург,29,1,0,1,470.6568227325417,0.5401995762306798
234,543.2659244369775,0.03113408288451136,0,48,Новосибирск,18,1,0,2,271.63296221848873,0.9688659171154886
480,570.7880597531339,0.435583314812933,1,31,Екатеринбург,17,1,0,2,285.39402987656695,0.564416685187067
351,552.8226327220789,0.8670314961224486,1,26,Казань,27,0,1,2,276.41131636103944,0.13296850387755144
209,104.55542546159681,0.2736266662816659,0,62,Новосибирск,19,1,0,3,34.85180848719894,0.7263733337183341
533,996.9731533665148,0.7161506742231936,1,57,Москва,0,1,1,2,498.4865766832574,0.28384932577680644
593,263.69207595923035,0.12839428945412523,0,53,Москва,8,0,1,2,131.84603797961518,0.8716057105458748
161,431.0048194473279,0.8258167505647627,1,39,Москва,26,0,1,1,431.0048194473279,0.17418324943523733
446,952.5237196454729,0.1771497894473859,1,48,Екатеринбург,19,0,0,4,238.1309299113682,0.8228502105526141
973,759.3148874892253,0.2730708099728124,1,37,Москва,14,0,1,2,379.65744374461264,0.7269291900271876
653,628.1570062187913,0.26311256991084286,1,21,Екатеринбург,28,1,1,1,628.1570062187913,0.7368874300891571
958,142.26937009754954,0.421248053294072,0,41,Екатеринбург,19,1,1,2,71.13468504877477,0.578751946705928
597,700.8019646689245,0.27416066655980587,1,40,Санкт-Петербург,4,1,0,2,350.40098233446224,0.7258393334401941
677,200.8350119512471,0.08091928305125218,0,43,Москва,3,0,0,2,100.41750597562356,0.9190807169487478
128,874.6575249307091,0.4084532130706987,1,26,Москва,0,1,0,1,874.6575249307091,0.5915467869293013
386,823.1328373463638,0.3251900642246949,1,59,Ростов-на-Дону,6,1,1,2,411.5664186731819,0.6748099357753051
165,181.26079304896746,0.1607598960483082,0,42,Казань,20,1,1,2,90.63039652448373,0.8392401039516918
812,855.0082778013407,0.7643726622217359,1,32,Новосибирск,18,1,1,2,427.50413890067034,0.23562733777826406
902,123.87898348643775,0.005229613542912737,0,54,Новосибирск,6,1,0,2,61.93949174321887,0.9947703864570873
46,696.2700559185838,0.6158631881823046,1,37,Москва,1,1,1,4,174.06751397964595,0.38413681181769543
373,184.99866468033554,0.8543850933695791,0,60,Новосибирск,8,1,1,1,184.99866468033554,0.14561490663042087
527,473.33755210389864,0.28487290196192283,0,44,Санкт-Петербург,7,1,0,2,236.66877605194932,0.7151270980380772
469,301.2362546675074,0.8707534503372591,1,49,Казань,15,1,1,2,150.6181273337537,0.12924654966274085
477,166.41690826185896,0.8078459419412586,0,36,Екатеринбург,9,0,0,3,55.47230275395299,0.19215405805874142
781,724.55360002039,0.038426348962324997,0,37,Ростов-на-Дону,11,1,1,4,181.1384000050975,0.961573651037675
586,316.1310569003738,0.13643975255673313,0,62,Новосибирск,6,1,1,2,158.0655284501869,0.8635602474432669
939,205.975974601127,0.4982556822634536,0,60,Казань,20,0,1,2,102.9879873005635,0.5017443177365464
718,968.5242195998613,0.6950352288585532,1,30,Екатеринбург,10,0,0,3,322.8414065332871,0.3049647711414468
790,952.5550056506338,0.5184080219452041,1,54,Санкт-Петербург,13,0,0,1,952.5550056506338,0.4815919780547959
988,491.34460474337163,0.49646115235529975,1,43,Новосибирск,24,0,1,4,122.83615118584291,0.5035388476447002
132,299.8970294236572,0.4958757350787708,1,20,Екатеринбург,22,1,0,1,299.8970294236572,0.5041242649212292
883,117.73948397892774,0.6362913539792481,0,32,Екатеринбург,14,1,1,2,58.86974198946387,0.3637086460207519
290,631.7499345121097,0.07857849715502074,0,51,Москва,1,1,0,3,210.58331150403657,0.9214215028449793
613,665.110350541817,0.5329577865513353,1,40,Ростов-на-Дону,0,0,1,3,221.70345018060564,0.4670422134486647
127,836.2132893302438,0.08698675991141014,1,23,Ростов-на-Дону,8,1,1,3,278.7377631100813,0.9130132400885899
